"0","IM0.1  <-  inla(Relative_Risk_SMR ~ Data , "
"0","               family = ""nbinomial"","
"0","               data = mdf, verbose=TRUE)"
"1","
"
"1","	hgid: 8b30e851fed2  date: Tue Mar 17 10:38:12 2020 +0300
"
"1","Report bugs to <help@r-inla.org>
"
"1","Process file[C:\Users\Michał\AppData\Local\Temp\Rtmpsnp3Jr\file1acc3557c13/Model.ini] threads[4] blas_threads[1]
"
"1","inla_build...
"
"1","	number of sections=[28]
"
"1","	parse section=[0] name=[INLA.libR] type=[LIBR]
"
"1","	inla_parse_libR...
"
"1","		section[INLA.libR]
"
"1","			R_HOME=[C:/PROGRA~1/R/R-36~1.1]
"
"1","	parse section=[27] name=[INLA.Expert] type=[EXPERT]
"
"1","	inla_parse_expert...
"
"1","		section[INLA.Expert]
"
"1","			disable.gaussian.check=[0]
"
"1","			cpo.manual=[0]
"
"1","			jp.file=[(null)]
"
"1","			jp.model=[(null)]
"
"1","	parse section=[1] name=[INLA.Model] type=[PROBLEM]
"
"1","	inla_parse_problem...
"
"1","		name=[INLA.Model]
"
"1","		R-INLA tag=[Version_20.03.17]
"
"1","		Build tag=[Version_20.03.17]
"
"1","		openmp.strategy=[default]
"
"1","		pardiso-library installed and working? = [no]
"
"1","		smtp = [taucs]
"
"1","		strategy = [default]
"
"1","	store results in directory=[C:\Users\Michał\AppData\Local\Temp\Rtmpsnp3Jr\file1acc3557c13/results.files]
"
"1","		output:
"
"1","			cpo=[0]
"
"1","			po=[0]
"
"1","			dic=[0]
"
"1","			kld=[1]
"
"1","			mlik=[1]
"
"1","			q=[0]
"
"1","			graph=[0]
"
"1","			gdensity=[0]
"
"1","			hyperparameters=[1]
"
"1","			summary=[1]
"
"1","			return.marginals=[1]
"
"1","			nquantiles=[3]  [ 0.025 0.5 0.975 ]
"
"1","			ncdf=[0]  [ ]
"
"1","	parse section=[3] name=[Predictor] type=[PREDICTOR]
"
"1","	inla_parse_predictor ...
"
"1","		section=[Predictor]
"
"1","		dir=[predictor]
"
"1","		PRIOR->name=[loggamma]
"
"1","		hyperid=[53001|Predictor]
"
"1","		PRIOR->from_theta=[function (x) <<NEWLINE>>exp(x)]
"
"1","		PRIOR->to_theta = [function (x) <<NEWLINE>>log(x)]
"
"1","		PRIOR->PARAMETERS=[1, 1e-005]
"
"1","		initialise log_precision[12]
"
"1","		fixed=[1]
"
"1","		user.scale=[1]
"
"1","		n=[352]
"
"1","		m=[0]
"
"1","		ndata=[352]
"
"1","		compute=[0]
"
"1","		read offsets from file=[C:/Users/Michał/AppData/Local/Temp/Rtmpsnp3Jr/file1acc3557c13/data.files/file1acc507f292a]
"
"1","		read n=[704] entries from file=[C:/Users/Michał/AppData/Local/Temp/Rtmpsnp3Jr/file1acc3557c13/data.files/file1acc507f292a]
"
"1","		file=[C:/Users/Michał/AppData/Local/Temp/Rtmpsnp3Jr/file1acc3557c13/data.files/file1acc507f292a] 0/352  (idx,y) = (0, 0)
"
"1","		file=[C:/Users/Michał/AppData/Local/Temp/Rtmpsnp3Jr/file1acc3557c13/data.files/file1acc507f292a] 1/352  (idx,y) = (1, 0)
"
"1","		file=[C:/Users/Michał/AppData/Local/Temp/Rtmpsnp3Jr/file1acc3557c13/data.files/file1acc507f292a] 2/352  (idx,y) = (2, 0)
"
"1","		file=[C:/Users/Michał/AppData/Local/Temp/Rtmpsnp3Jr/file1acc3557c13/data.files/file1acc507f292a] 3/352  (idx,y) = (3, 0)
"
"1","		file=[C:/Users/Michał/AppData/Local/Temp/Rtmpsnp3Jr/file1acc3557c13/data.files/file1acc507f292a] 4/352  (idx,y) = (4, 0)
"
"1","		file=[C:/Users/Michał/AppData/Local/Temp/Rtmpsnp3Jr/file1acc3557c13/data.files/file1acc507f292a] 5/352  (idx,y) = (5, 0)
"
"1","		file=[C:/Users/Michał/AppData/Local/Temp/Rtmpsnp3Jr/file1acc3557c13/data.files/file1acc507f292a] 6/352  (idx,y) = (6, 0)
"
"1","		file=[C:/Users/Michał/AppData/Local/Temp/Rtmpsnp3Jr/file1acc3557c13/data.files/file1acc507f292a] 7/352  (idx,y) = (7, 0)
"
"1","		file=[C:/Users/Michał/AppData/Local/Temp/Rtmpsnp3Jr/file1acc3557c13/data.files/file1acc507f292a] 8/352  (idx,y) = (8, 0)
"
"1","		file=[C:/Users/Michał/AppData/Local/Temp/Rtmpsnp3Jr/file1acc3557c13/data.files/file1acc507f292a] 9/352  (idx,y) = (9, 0)
"
"1","		Aext=[(null)]
"
"1","		AextPrecision=[1e+008]
"
"1","		output:
"
"1","			summary=[1]
"
"1","			return.marginals=[1]
"
"1","			nquantiles=[3]  [ 0.025 0.5 0.975 ]
"
"1","			ncdf=[0]  [ ]
"
"1","	parse section=[2] name=[INLA.Data1] type=[DATA]
"
"1","	inla_parse_data [section 1]...
"
"1","		tag=[INLA.Data1]
"
"1","		family=[NBINOMIAL]
"
"1","		likelihood=[NBINOMIAL]
"
"1","		file->name=[C:/Users/Michał/AppData/Local/Temp/Rtmpsnp3Jr/file1acc3557c13/data.files/file1acc2cb924a0]
"
"1","		file->name=[C:/Users/Michał/AppData/Local/Temp/Rtmpsnp3Jr/file1acc3557c13/data.files/file1accd5a5cf5]
"
"1","		file->name=[C:/Users/Michał/AppData/Local/Temp/Rtmpsnp3Jr/file1acc3557c13/data.files/file1acc40d228c9]
"
"1","		read n=[1056] entries from file=[C:/Users/Michał/AppData/Local/Temp/Rtmpsnp3Jr/file1acc3557c13/data.files/file1acc2cb924a0]
"
"1","		mdata.nattributes = 0
"
"1","			0/352  (idx,a,y,d) = (0, 1, 1.41265, 1)
"
"1","			1/352  (idx,a,y,d) = (1, 1, 0, 1)
"
"1","			2/352  (idx,a,y,d) = (2, 1, 1.8842, 1)
"
"1","			3/352  (idx,a,y,d) = (3, 1, 0.575875, 1)
"
"1","			4/352  (idx,a,y,d) = (4, 1, 1.1723, 1)
"
"1","			5/352  (idx,a,y,d) = (5, 1, 0.172642, 1)
"
"1","			6/352  (idx,a,y,d) = (6, 1, 1.18105, 1)
"
"1","			7/352  (idx,a,y,d) = (7, 1, 0.609374, 1)
"
"1","			8/352  (idx,a,y,d) = (8, 1, 1.62944, 1)
"
"1","			9/352  (idx,a,y,d) = (9, 1, 0, 1)
"
"1","
"
"1","
"
"1","*** ERROR *** 	INLA.Data1: NBINOMIAL likelihood is defined on integers, but y[0] = 1.41265353007
"
"1","
"
"1","
"
"2","Error in inla.inlaprogram.has.crashed() : 
  The inla-program exited with an error. Unless you interupted it yourself, please rerun with verbose=TRUE and check the output carefully.
  If this does not help, please contact the developers at <help@r-inla.org>.
"
