"0","riskvec<- c( combined$SMR[12],"
"0","             combined$SMR[8], "
"0","             combined$SMR[15], "
"0","             combined$SMR[16], "
"0","             combined$SMR[13], "
"0","             combined$SMR[2], "
"0","             combined$SMR[10], "
"0","             combined$SMR[1], "
"0","             combined$SMR[9], "
"0","             combined$SMR[6], "
"0","             combined$SMR[11], "
"0","             combined$SMR[14], "
"0","             combined$SMR[5], "
"0","             combined$SMR[7], "
"0","             combined$SMR[3], "
"0","             combined$SMR[4] )"
