{"chunk_definitions":[{"chunk_id":"cdimazq16o810","chunk_label":"unnamed-chunk-1","document_id":"3CE90D16","expansion_state":0,"options":{"engine":"r","label":"unnamed-chunk-110"},"row":9,"row_count":1,"visible":true},{"chunk_id":"cmerpj3p54w9l","chunk_label":"unnamed-chunk-2","document_id":"3CE90D16","expansion_state":0,"options":{"engine":"r","label":"unnamed-chunk-77"},"row":14,"row_count":1,"visible":true},{"chunk_id":"cnmolfnyen4l2","chunk_label":"unnamed-chunk-3","document_id":"3CE90D16","expansion_state":0,"options":{"engine":"r","label":"unnamed-chunk-78"},"row":19,"row_count":1,"visible":true},{"chunk_id":"cbv1wnd2sspes","chunk_label":"unnamed-chunk-4","document_id":"3CE90D16","expansion_state":0,"options":{"engine":"r","label":"unnamed-chunk-79"},"row":26,"row_count":1,"visible":true},{"chunk_id":"c0mv18u8xeysh","chunk_label":"unnamed-chunk-5","document_id":"3CE90D16","expansion_state":0,"options":{"engine":"r","label":"unnamed-chunk-80"},"row":31,"row_count":1,"visible":true},{"chunk_id":"cjqvcm0yakj2h","chunk_label":"unnamed-chunk-6","document_id":"3CE90D16","expansion_state":0,"options":{"engine":"r","label":"unnamed-chunk-81"},"row":35,"row_count":1,"visible":true},{"chunk_id":"cqjb9q1cbss5y","chunk_label":"unnamed-chunk-7","document_id":"3CE90D16","expansion_state":0,"options":{"engine":"r","label":"unnamed-chunk-82"},"row":40,"row_count":1,"visible":true},{"chunk_id":"c1z6oa8zz0l8z","chunk_label":"unnamed-chunk-8","document_id":"3CE90D16","expansion_state":0,"options":{"engine":"r","label":"unnamed-chunk-83"},"row":45,"row_count":1,"visible":true},{"chunk_id":"cbl0244temsqw","chunk_label":"unnamed-chunk-9","document_id":"3CE90D16","expansion_state":0,"options":{"engine":"r","label":"unnamed-chunk-84"},"row":49,"row_count":1,"visible":true},{"chunk_id":"c85y1x4jc4uiv","chunk_label":"unnamed-chunk-10","document_id":"3CE90D16","expansion_state":0,"options":{"engine":"r","label":"unnamed-chunk-85"},"row":53,"row_count":1,"visible":true},{"chunk_id":"cewnav8k55n4j","chunk_label":"unnamed-chunk-11","document_id":"3CE90D16","expansion_state":0,"options":{"engine":"r","label":"unnamed-chunk-86"},"row":57,"row_count":1,"visible":true},{"chunk_id":"ckdozgzka1x98","chunk_label":"unnamed-chunk-12","document_id":"3CE90D16","expansion_state":0,"options":{"engine":"r","label":"unnamed-chunk-87"},"row":61,"row_count":1,"visible":true},{"chunk_id":"c6z3gds7g80sm","chunk_label":"unnamed-chunk-13","document_id":"3CE90D16","expansion_state":0,"options":{"engine":"r","label":"unnamed-chunk-88"},"row":65,"row_count":1,"visible":true},{"chunk_id":"cmo0bqntrtxh7","chunk_label":"unnamed-chunk-14","document_id":"3CE90D16","expansion_state":0,"options":{"engine":"r","label":"unnamed-chunk-89"},"row":69,"row_count":1,"visible":true},{"chunk_id":"c6mxrdizizdpu","chunk_label":"unnamed-chunk-15","document_id":"3CE90D16","expansion_state":0,"options":{"engine":"r","label":"unnamed-chunk-90"},"row":73,"row_count":1,"visible":true},{"chunk_id":"cxmzyu89zili9","chunk_label":"unnamed-chunk-16","document_id":"3CE90D16","expansion_state":0,"options":{"engine":"r","label":"unnamed-chunk-91"},"row":78,"row_count":1,"visible":true},{"chunk_id":"cfevt7kquwgho","chunk_label":"unnamed-chunk-17","document_id":"3CE90D16","expansion_state":0,"options":{"engine":"r","label":"unnamed-chunk-92"},"row":83,"row_count":1,"visible":true},{"chunk_id":"c0q072zl456jo","chunk_label":"unnamed-chunk-18","document_id":"3CE90D16","expansion_state":0,"options":{"engine":"r","label":"unnamed-chunk-93"},"row":88,"row_count":1,"visible":true},{"chunk_id":"cgh5y37vnulsk","chunk_label":"unnamed-chunk-19","document_id":"3CE90D16","expansion_state":0,"options":{"engine":"r","label":"unnamed-chunk-94"},"row":92,"row_count":1,"visible":true},{"chunk_id":"chsvz9gr10ft3","chunk_label":"unnamed-chunk-20","document_id":"3CE90D16","expansion_state":0,"options":{"engine":"r","label":"unnamed-chunk-95"},"row":96,"row_count":1,"visible":true},{"chunk_id":"cwffa23kvhapo","chunk_label":"unnamed-chunk-21","document_id":"3CE90D16","expansion_state":0,"options":{"engine":"r","label":"unnamed-chunk-96"},"row":103,"row_count":1,"visible":true},{"chunk_id":"cw5w08nulgn2n","chunk_label":"unnamed-chunk-22","document_id":"3CE90D16","expansion_state":0,"options":{"engine":"r","label":"unnamed-chunk-97"},"row":107,"row_count":1,"visible":true},{"chunk_id":"cyhevt9acm8xh","chunk_label":"unnamed-chunk-23","document_id":"3CE90D16","expansion_state":0,"options":{"engine":"r","label":"unnamed-chunk-98"},"row":111,"row_count":1,"visible":true},{"chunk_id":"cehr1ragpkavt","chunk_label":"unnamed-chunk-24","document_id":"3CE90D16","expansion_state":0,"options":{"engine":"r","label":"unnamed-chunk-99"},"row":115,"row_count":1,"visible":true},{"chunk_id":"c632hsi9ipg9b","chunk_label":"unnamed-chunk-25","document_id":"3CE90D16","expansion_state":0,"options":{"engine":"r","label":"unnamed-chunk-100"},"row":121,"row_count":1,"visible":true},{"chunk_id":"cvirztto23174","chunk_label":"unnamed-chunk-26","document_id":"3CE90D16","expansion_state":0,"options":{"engine":"r","label":"unnamed-chunk-60"},"row":127,"row_count":1,"visible":true},{"chunk_id":"cbie1f4ej6f94","chunk_label":"unnamed-chunk-27","document_id":"3CE90D16","expansion_state":0,"options":{"engine":"r","label":"unnamed-chunk-61"},"row":131,"row_count":1,"visible":true},{"chunk_id":"cm4m5nhq5mjs7","chunk_label":"unnamed-chunk-28","document_id":"3CE90D16","expansion_state":0,"options":{"engine":"r","label":"unnamed-chunk-64"},"row":136,"row_count":1,"visible":true},{"chunk_id":"cd13nwh85u420","chunk_label":"unnamed-chunk-29","document_id":"3CE90D16","expansion_state":0,"options":{"engine":"r","label":"unnamed-chunk-70"},"row":141,"row_count":1,"visible":true},{"chunk_id":"ct8f8iqwg9gbq","chunk_label":"unnamed-chunk-30","document_id":"3CE90D16","expansion_state":0,"options":{"engine":"r","label":"unnamed-chunk-68"},"row":145,"row_count":1,"visible":true},{"chunk_id":"cyf7nzmqba7j0","chunk_label":"unnamed-chunk-31","document_id":"3CE90D16","expansion_state":0,"options":{"engine":"r","label":"unnamed-chunk-69"},"row":155,"row_count":1,"visible":true},{"chunk_id":"c3yq0ojrnz5k5","chunk_label":"unnamed-chunk-32","document_id":"3CE90D16","expansion_state":0,"options":{"engine":"r","label":"unnamed-chunk-303"},"row":160,"row_count":1,"visible":true},{"chunk_id":"cln2k2d9ji15m","chunk_label":"unnamed-chunk-33","document_id":"3CE90D16","expansion_state":0,"options":{"engine":"r","label":"unnamed-chunk-304"},"row":165,"row_count":1,"visible":true},{"chunk_id":"cgdky0n0dij7u","chunk_label":"unnamed-chunk-34","document_id":"3CE90D16","expansion_state":0,"options":{"engine":"r","label":"unnamed-chunk-309"},"row":171,"row_count":1,"visible":true},{"chunk_id":"c1h1qctmdp4jr","chunk_label":"unnamed-chunk-35","document_id":"3CE90D16","expansion_state":0,"options":{"engine":"r","label":"unnamed-chunk-102"},"row":184,"row_count":1,"visible":true},{"chunk_id":"cozdp79mpa81l","chunk_label":"unnamed-chunk-36","document_id":"3CE90D16","expansion_state":0,"options":{"engine":"r","label":"unnamed-chunk-103"},"row":189,"row_count":1,"visible":true},{"chunk_id":"ce15k1s9skv20","chunk_label":"unnamed-chunk-37","document_id":"3CE90D16","expansion_state":0,"options":{"engine":"r","label":"unnamed-chunk-104"},"row":194,"row_count":1,"visible":true},{"chunk_id":"cczmh9lelggch","chunk_label":"unnamed-chunk-38","document_id":"3CE90D16","expansion_state":0,"options":{"engine":"r","label":"unnamed-chunk-33"},"row":198,"row_count":1,"visible":true},{"chunk_id":"c9hnm9w0v4v1u","chunk_label":"unnamed-chunk-39","document_id":"3CE90D16","expansion_state":0,"options":{"engine":"r","label":"unnamed-chunk-109"},"row":205,"row_count":1,"visible":true},{"chunk_id":"c6r8cwzhwfpfv","chunk_label":"unnamed-chunk-40","document_id":"3CE90D16","expansion_state":0,"options":{},"row":209,"row_count":1,"visible":true},{"chunk_id":"cr0xzoq4gapls","chunk_label":"unnamed-chunk-41","document_id":"3CE90D16","expansion_state":0,"options":{},"row":215,"row_count":1,"visible":true},{"chunk_id":"cguuu7ugx3j6n","chunk_label":"unnamed-chunk-42","document_id":"3CE90D16","expansion_state":0,"options":{},"row":219,"row_count":1,"visible":true}],"doc_write_time":1584955093}