{"chunk_definitions":[{"chunk_id":"c3kxn649kawjt","chunk_label":"unnamed-chunk-1","document_id":"9220116D","expansion_state":0,"options":{"engine":"r","label":"unnamed-chunk-349"},"row":9,"row_count":1,"visible":true},{"chunk_id":"cgluchg674djn","chunk_label":"unnamed-chunk-2","document_id":"9220116D","expansion_state":0,"options":{"engine":"r","label":"unnamed-chunk-449"},"row":14,"row_count":1,"visible":true},{"chunk_id":"c8r0zsyr9dfw4","chunk_label":"unnamed-chunk-3","document_id":"9220116D","expansion_state":0,"options":{"engine":"r","label":"unnamed-chunk-351"},"row":19,"row_count":1,"visible":true},{"chunk_id":"cyxm213j0l36k","chunk_label":"unnamed-chunk-4","document_id":"9220116D","expansion_state":0,"options":{"engine":"r","label":"unnamed-chunk-352"},"row":23,"row_count":1,"visible":true},{"chunk_id":"cazx7eg0ccsnu","chunk_label":"unnamed-chunk-5","document_id":"9220116D","expansion_state":0,"options":{"engine":"r","label":"unnamed-chunk-353"},"row":28,"row_count":1,"visible":true},{"chunk_id":"cbx0ze8kmumiw","chunk_label":"unnamed-chunk-6","document_id":"9220116D","expansion_state":0,"options":{"engine":"r","label":"unnamed-chunk-354"},"row":33,"row_count":1,"visible":true},{"chunk_id":"ca7vk44uhsp2g","chunk_label":"unnamed-chunk-7","document_id":"9220116D","expansion_state":0,"options":{"engine":"r","label":"unnamed-chunk-355"},"row":37,"row_count":1,"visible":true},{"chunk_id":"cw6o0sldejw56","chunk_label":"unnamed-chunk-8","document_id":"9220116D","expansion_state":0,"options":{"engine":"r","label":"unnamed-chunk-356"},"row":41,"row_count":1,"visible":true},{"chunk_id":"cbd42c31a7wms","chunk_label":"unnamed-chunk-9","document_id":"9220116D","expansion_state":0,"options":{"engine":"r","label":"unnamed-chunk-357"},"row":45,"row_count":1,"visible":true},{"chunk_id":"cc4a8qs4tp5ky","chunk_label":"unnamed-chunk-10","document_id":"9220116D","expansion_state":0,"options":{"engine":"r","label":"unnamed-chunk-358"},"row":49,"row_count":1,"visible":true},{"chunk_id":"clvqhd8e8citd","chunk_label":"unnamed-chunk-11","document_id":"9220116D","expansion_state":0,"options":{"engine":"r","label":"unnamed-chunk-359"},"row":53,"row_count":1,"visible":true},{"chunk_id":"c4j0nfm68e769","chunk_label":"unnamed-chunk-12","document_id":"9220116D","expansion_state":0,"options":{"engine":"r","label":"unnamed-chunk-360"},"row":57,"row_count":1,"visible":true},{"chunk_id":"cnok8c3qqm3ou","chunk_label":"unnamed-chunk-13","document_id":"9220116D","expansion_state":0,"options":{"engine":"r","label":"unnamed-chunk-361"},"row":61,"row_count":1,"visible":true},{"chunk_id":"cukecnc0v19iy","chunk_label":"unnamed-chunk-14","document_id":"9220116D","expansion_state":0,"options":{"engine":"r","label":"unnamed-chunk-362"},"row":65,"row_count":1,"visible":true},{"chunk_id":"cbpozy9o65hr0","chunk_label":"unnamed-chunk-15","document_id":"9220116D","expansion_state":0,"options":{"engine":"r","label":"unnamed-chunk-363"},"row":70,"row_count":1,"visible":true},{"chunk_id":"c3uh70gzcub1w","chunk_label":"unnamed-chunk-16","document_id":"9220116D","expansion_state":0,"options":{"engine":"r","label":"unnamed-chunk-364"},"row":74,"row_count":1,"visible":true},{"chunk_id":"cilbn4j397lsc","chunk_label":"unnamed-chunk-17","document_id":"9220116D","expansion_state":0,"options":{"engine":"r","label":"unnamed-chunk-365"},"row":78,"row_count":1,"visible":true},{"chunk_id":"cdq6xx4wd8i0c","chunk_label":"unnamed-chunk-18","document_id":"9220116D","expansion_state":0,"options":{"engine":"r","label":"unnamed-chunk-366"},"row":82,"row_count":1,"visible":true},{"chunk_id":"c1mjeb0ex826o","chunk_label":"unnamed-chunk-19","document_id":"9220116D","expansion_state":0,"options":{"engine":"r","label":"unnamed-chunk-367"},"row":86,"row_count":1,"visible":true},{"chunk_id":"cnwqfp7i5p4to","chunk_label":"unnamed-chunk-20","document_id":"9220116D","expansion_state":0,"options":{"engine":"r","label":"unnamed-chunk-368"},"row":90,"row_count":1,"visible":true},{"chunk_id":"c2i9fm9n89sqe","chunk_label":"unnamed-chunk-21","document_id":"9220116D","expansion_state":0,"options":{"engine":"r","label":"unnamed-chunk-369"},"row":94,"row_count":1,"visible":true},{"chunk_id":"cvpm2py4uufcm","chunk_label":"unnamed-chunk-22","document_id":"9220116D","expansion_state":0,"options":{"engine":"r","label":"unnamed-chunk-370"},"row":98,"row_count":1,"visible":true},{"chunk_id":"c56q0jncf5i35","chunk_label":"unnamed-chunk-23","document_id":"9220116D","expansion_state":0,"options":{"engine":"r","label":"unnamed-chunk-371"},"row":102,"row_count":1,"visible":true},{"chunk_id":"cjdsepimpwunp","chunk_label":"unnamed-chunk-24","document_id":"9220116D","expansion_state":0,"options":{"engine":"r","label":"unnamed-chunk-372"},"row":106,"row_count":1,"visible":true},{"chunk_id":"ca5d5o1rbozle","chunk_label":"unnamed-chunk-25","document_id":"9220116D","expansion_state":0,"options":{"engine":"r","label":"unnamed-chunk-373"},"row":110,"row_count":1,"visible":true},{"chunk_id":"cabjjgh498w44","chunk_label":"unnamed-chunk-26","document_id":"9220116D","expansion_state":0,"options":{"engine":"r","label":"unnamed-chunk-374"},"row":114,"row_count":1,"visible":true},{"chunk_id":"cw37w4w0tfklv","chunk_label":"unnamed-chunk-27","document_id":"9220116D","expansion_state":0,"options":{"engine":"r","label":"unnamed-chunk-375"},"row":118,"row_count":1,"visible":true},{"chunk_id":"cnm2uy81xduju","chunk_label":"unnamed-chunk-28","document_id":"9220116D","expansion_state":0,"options":{"engine":"r","label":"unnamed-chunk-376"},"row":122,"row_count":1,"visible":true},{"chunk_id":"c6oy8a899390y","chunk_label":"unnamed-chunk-29","document_id":"9220116D","expansion_state":0,"options":{"engine":"r","label":"unnamed-chunk-377"},"row":126,"row_count":1,"visible":true},{"chunk_id":"cpeum17sirfra","chunk_label":"unnamed-chunk-30","document_id":"9220116D","expansion_state":0,"options":{"engine":"r","label":"unnamed-chunk-378"},"row":130,"row_count":1,"visible":true},{"chunk_id":"cqkb1x8vp2cq9","chunk_label":"unnamed-chunk-31","document_id":"9220116D","expansion_state":0,"options":{"engine":"r","label":"unnamed-chunk-379"},"row":134,"row_count":1,"visible":true},{"chunk_id":"cjxsw1iwjlw93","chunk_label":"unnamed-chunk-32","document_id":"9220116D","expansion_state":0,"options":{"engine":"r","label":"unnamed-chunk-380"},"row":138,"row_count":1,"visible":true},{"chunk_id":"cmpuha7ecwr4r","chunk_label":"unnamed-chunk-33","document_id":"9220116D","expansion_state":0,"options":{"engine":"r","label":"unnamed-chunk-381"},"row":142,"row_count":1,"visible":true},{"chunk_id":"ckgt91r7n7n7p","chunk_label":"unnamed-chunk-34","document_id":"9220116D","expansion_state":0,"options":{"engine":"r","label":"unnamed-chunk-382"},"row":149,"row_count":1,"visible":true},{"chunk_id":"chfptfa2dx0by","chunk_label":"unnamed-chunk-35","document_id":"9220116D","expansion_state":0,"options":{"engine":"r","label":"unnamed-chunk-383"},"row":154,"row_count":1,"visible":true},{"chunk_id":"c4rgu62bayiao","chunk_label":"unnamed-chunk-36","document_id":"9220116D","expansion_state":0,"options":{"engine":"r","label":"unnamed-chunk-384"},"row":160,"row_count":1,"visible":true},{"chunk_id":"c28rzm47shzkr","chunk_label":"unnamed-chunk-37","document_id":"9220116D","expansion_state":0,"options":{"engine":"r","label":"unnamed-chunk-385"},"row":165,"row_count":1,"visible":true},{"chunk_id":"czp29brbxq066","chunk_label":"unnamed-chunk-38","document_id":"9220116D","expansion_state":0,"options":{"engine":"r","label":"unnamed-chunk-389"},"row":170,"row_count":1,"visible":true},{"chunk_id":"cm149otxowqcb","chunk_label":"unnamed-chunk-39","document_id":"9220116D","expansion_state":0,"options":{"engine":"r","label":"unnamed-chunk-390"},"row":175,"row_count":1,"visible":true},{"chunk_id":"cwbudzlh9jejz","chunk_label":"unnamed-chunk-40","document_id":"9220116D","expansion_state":0,"options":{"engine":"r","label":"unnamed-chunk-391"},"row":180,"row_count":1,"visible":true},{"chunk_id":"cvd9hosnxailc","chunk_label":"unnamed-chunk-41","document_id":"9220116D","expansion_state":0,"options":{"engine":"r","label":"unnamed-chunk-392"},"row":185,"row_count":1,"visible":true},{"chunk_id":"c0wn7xk5g9hyl","chunk_label":"unnamed-chunk-42","document_id":"9220116D","expansion_state":0,"options":{"engine":"r","label":"unnamed-chunk-393"},"row":190,"row_count":1,"visible":true},{"chunk_id":"cao27k8i4izpu","chunk_label":"unnamed-chunk-43","document_id":"9220116D","expansion_state":0,"options":{"engine":"r","label":"unnamed-chunk-394"},"row":195,"row_count":1,"visible":true},{"chunk_id":"cbp6i1vecoqsk","chunk_label":"unnamed-chunk-44","document_id":"9220116D","expansion_state":0,"options":{"engine":"r","label":"unnamed-chunk-395"},"row":200,"row_count":1,"visible":true},{"chunk_id":"crp5c1b0z6epz","chunk_label":"unnamed-chunk-45","document_id":"9220116D","expansion_state":0,"options":{"engine":"r","label":"unnamed-chunk-396"},"row":204,"row_count":1,"visible":true},{"chunk_id":"cugef0umpv9i4","chunk_label":"unnamed-chunk-46","document_id":"9220116D","expansion_state":0,"options":{"engine":"r","label":"unnamed-chunk-397"},"row":208,"row_count":1,"visible":true},{"chunk_id":"cf3yzzbw1uzdh","chunk_label":"unnamed-chunk-47","document_id":"9220116D","expansion_state":0,"options":{"engine":"r","label":"unnamed-chunk-398"},"row":212,"row_count":1,"visible":true},{"chunk_id":"cq1wf9idl0ra9","chunk_label":"unnamed-chunk-48","document_id":"9220116D","expansion_state":0,"options":{"engine":"r","label":"unnamed-chunk-399"},"row":216,"row_count":1,"visible":true},{"chunk_id":"c1owj9qr0fajo","chunk_label":"unnamed-chunk-49","document_id":"9220116D","expansion_state":0,"options":{"engine":"r","label":"unnamed-chunk-400"},"row":220,"row_count":1,"visible":true},{"chunk_id":"cuamfduggopc9","chunk_label":"unnamed-chunk-50","document_id":"9220116D","expansion_state":0,"options":{"engine":"r","label":"unnamed-chunk-401"},"row":224,"row_count":1,"visible":true},{"chunk_id":"ckkp5a1gjb2kr","chunk_label":"unnamed-chunk-51","document_id":"9220116D","expansion_state":0,"options":{"engine":"r","label":"unnamed-chunk-402"},"row":229,"row_count":1,"visible":true},{"chunk_id":"ctr8pfwbd9ejc","chunk_label":"unnamed-chunk-52","document_id":"9220116D","expansion_state":0,"options":{"engine":"r","label":"unnamed-chunk-403"},"row":234,"row_count":1,"visible":true},{"chunk_id":"c96hie6pyc6fn","chunk_label":"unnamed-chunk-53","document_id":"9220116D","expansion_state":0,"options":{"engine":"r","label":"unnamed-chunk-404"},"row":238,"row_count":1,"visible":true},{"chunk_id":"c6ybfaolr4ba1","chunk_label":"unnamed-chunk-54","document_id":"9220116D","expansion_state":0,"options":{"engine":"r","label":"unnamed-chunk-405"},"row":242,"row_count":1,"visible":true},{"chunk_id":"c3emt2btyy5z9","chunk_label":"unnamed-chunk-55","document_id":"9220116D","expansion_state":0,"options":{"engine":"r","label":"unnamed-chunk-406"},"row":246,"row_count":1,"visible":true},{"chunk_id":"cg5kq9ixyyoyf","chunk_label":"unnamed-chunk-56","document_id":"9220116D","expansion_state":0,"options":{"engine":"r","label":"unnamed-chunk-407"},"row":250,"row_count":1,"visible":true},{"chunk_id":"clm692yz9yrxk","chunk_label":"unnamed-chunk-57","document_id":"9220116D","expansion_state":0,"options":{"engine":"r","label":"unnamed-chunk-408"},"row":254,"row_count":1,"visible":true},{"chunk_id":"ckv5s8015elg5","chunk_label":"unnamed-chunk-58","document_id":"9220116D","expansion_state":0,"options":{"engine":"r","label":"unnamed-chunk-409"},"row":258,"row_count":1,"visible":true},{"chunk_id":"cbbj24arfhc5t","chunk_label":"unnamed-chunk-59","document_id":"9220116D","expansion_state":0,"options":{"engine":"r","label":"unnamed-chunk-410"},"row":262,"row_count":1,"visible":true},{"chunk_id":"cmbc0c3og7gmm","chunk_label":"unnamed-chunk-60","document_id":"9220116D","expansion_state":0,"options":{"engine":"r","label":"unnamed-chunk-411"},"row":266,"row_count":1,"visible":true},{"chunk_id":"cleu1b6h296pu","chunk_label":"unnamed-chunk-61","document_id":"9220116D","expansion_state":0,"options":{"engine":"r","label":"unnamed-chunk-412"},"row":270,"row_count":1,"visible":true},{"chunk_id":"cyb21s692g7n2","chunk_label":"unnamed-chunk-62","document_id":"9220116D","expansion_state":0,"options":{"engine":"r","label":"unnamed-chunk-413"},"row":274,"row_count":1,"visible":true},{"chunk_id":"cwaxlx37v929j","chunk_label":"unnamed-chunk-63","document_id":"9220116D","expansion_state":0,"options":{"engine":"r","label":"unnamed-chunk-414"},"row":278,"row_count":1,"visible":true},{"chunk_id":"c13pzmh39cvaw","chunk_label":"unnamed-chunk-64","document_id":"9220116D","expansion_state":0,"options":{"engine":"r","label":"unnamed-chunk-415"},"row":282,"row_count":1,"visible":true},{"chunk_id":"clblg6dvkt886","chunk_label":"unnamed-chunk-65","document_id":"9220116D","expansion_state":0,"options":{"engine":"r","label":"unnamed-chunk-416"},"row":286,"row_count":1,"visible":true},{"chunk_id":"cepncwyqmeogc","chunk_label":"unnamed-chunk-66","document_id":"9220116D","expansion_state":0,"options":{"engine":"r","label":"unnamed-chunk-417"},"row":290,"row_count":1,"visible":true},{"chunk_id":"cboft0htgsyvy","chunk_label":"unnamed-chunk-67","document_id":"9220116D","expansion_state":0,"options":{"engine":"r","label":"unnamed-chunk-418"},"row":294,"row_count":1,"visible":true},{"chunk_id":"cb13l6sllqfv0","chunk_label":"unnamed-chunk-68","document_id":"9220116D","expansion_state":0,"options":{"engine":"r","label":"unnamed-chunk-419"},"row":315,"row_count":1,"visible":true},{"chunk_id":"cnah861k8jpld","chunk_label":"unnamed-chunk-69","document_id":"9220116D","expansion_state":0,"options":{"engine":"r","label":"unnamed-chunk-420"},"row":319,"row_count":1,"visible":true},{"chunk_id":"cd9rpap7chh24","chunk_label":"unnamed-chunk-70","document_id":"9220116D","expansion_state":0,"options":{"engine":"r","label":"unnamed-chunk-421"},"row":323,"row_count":1,"visible":true},{"chunk_id":"c8pdbzqvsu9gs","chunk_label":"unnamed-chunk-71","document_id":"9220116D","expansion_state":0,"options":{"engine":"r","label":"unnamed-chunk-422"},"row":328,"row_count":1,"visible":true},{"chunk_id":"cvxqed6pjsdip","chunk_label":"unnamed-chunk-72","document_id":"9220116D","expansion_state":0,"options":{"engine":"r","label":"unnamed-chunk-423"},"row":334,"row_count":1,"visible":true},{"chunk_id":"c275zuoqihx3f","chunk_label":"unnamed-chunk-73","document_id":"9220116D","expansion_state":0,"options":{"engine":"r","label":"unnamed-chunk-424"},"row":338,"row_count":1,"visible":true},{"chunk_id":"c5ht0ujbm7sni","chunk_label":"unnamed-chunk-74","document_id":"9220116D","expansion_state":0,"options":{"engine":"r","label":"unnamed-chunk-425"},"row":342,"row_count":1,"visible":true},{"chunk_id":"c16gqekf8qaui","chunk_label":"unnamed-chunk-75","document_id":"9220116D","expansion_state":0,"options":{"engine":"r","label":"unnamed-chunk-426"},"row":346,"row_count":1,"visible":true},{"chunk_id":"cxvq3qdn23hr6","chunk_label":"unnamed-chunk-76","document_id":"9220116D","expansion_state":0,"options":{"engine":"r","label":"unnamed-chunk-427"},"row":350,"row_count":1,"visible":true},{"chunk_id":"cks5klzkwnhk4","chunk_label":"unnamed-chunk-77","document_id":"9220116D","expansion_state":0,"options":{"engine":"r","label":"unnamed-chunk-428"},"row":354,"row_count":1,"visible":true},{"chunk_id":"c8i0qeoaulh6k","chunk_label":"unnamed-chunk-78","document_id":"9220116D","expansion_state":0,"options":{"engine":"r","label":"unnamed-chunk-429"},"row":358,"row_count":1,"visible":true},{"chunk_id":"chlc9p8xosz7g","chunk_label":"unnamed-chunk-79","document_id":"9220116D","expansion_state":0,"options":{"engine":"r","label":"unnamed-chunk-430"},"row":419,"row_count":1,"visible":true},{"chunk_id":"c3w7d0yz7ubm5","chunk_label":"unnamed-chunk-80","document_id":"9220116D","expansion_state":0,"options":{"engine":"r","label":"unnamed-chunk-431"},"row":423,"row_count":1,"visible":true},{"chunk_id":"ceacorg7cp8y1","chunk_label":"unnamed-chunk-81","document_id":"9220116D","expansion_state":0,"options":{"engine":"r","label":"unnamed-chunk-432"},"row":428,"row_count":1,"visible":true},{"chunk_id":"cw48sdp2rvn2n","chunk_label":"unnamed-chunk-82","document_id":"9220116D","expansion_state":0,"options":{"engine":"r","label":"unnamed-chunk-433"},"row":432,"row_count":1,"visible":true},{"chunk_id":"cf6sourxxoqjo","chunk_label":"","document_id":"9220116D","expansion_state":0,"options":{"engine":"r","label":"unnamed-chunk-434"},"row":439,"row_count":1,"visible":true},{"chunk_id":"cxy2sr5js4p3j","chunk_label":"","document_id":"9220116D","expansion_state":0,"options":{"engine":"r","label":"unnamed-chunk-435"},"row":443,"row_count":1,"visible":true},{"chunk_id":"co8m0edt8009r","chunk_label":"","document_id":"9220116D","expansion_state":0,"options":{"engine":"r","label":"unnamed-chunk-437"},"row":447,"row_count":1,"visible":true},{"chunk_id":"cm7k68meld594","chunk_label":"","document_id":"9220116D","expansion_state":0,"options":{"engine":"r","label":"unnamed-chunk-438"},"row":455,"row_count":1,"visible":true},{"chunk_id":"cev5g6c2vsknc","chunk_label":"","document_id":"9220116D","expansion_state":0,"options":{"engine":"r","label":"unnamed-chunk-451"},"row":463,"row_count":1,"visible":true},{"chunk_id":"czvz1g44ia2to","chunk_label":"unnamed-chunk-91","document_id":"9220116D","expansion_state":0,"options":{"engine":"r","label":"unnamed-chunk-439"},"row":489,"row_count":1,"visible":true},{"chunk_id":"c0q5pd64nyv8s","chunk_label":"unnamed-chunk-92","document_id":"9220116D","expansion_state":0,"options":{"engine":"r","label":"unnamed-chunk-440"},"row":493,"row_count":1,"visible":true},{"chunk_id":"c1xt1e9f2vjl2","chunk_label":"","document_id":"9220116D","expansion_state":0,"options":{"engine":"r","label":"unnamed-chunk-441"},"row":497,"row_count":1,"visible":true},{"chunk_id":"crnt013h1sv13","chunk_label":"","document_id":"9220116D","expansion_state":0,"options":{"engine":"r","label":"unnamed-chunk-442"},"row":501,"row_count":1,"visible":true},{"chunk_id":"cor2bcwr1qki7","chunk_label":"unnamed-chunk-93","document_id":"9220116D","expansion_state":0,"options":{"engine":"r","label":"unnamed-chunk-443"},"row":505,"row_count":1,"visible":true},{"chunk_id":"c96flr49rzzmp","chunk_label":"","document_id":"9220116D","expansion_state":0,"options":{"engine":"r","label":"unnamed-chunk-444"},"row":509,"row_count":1,"visible":true},{"chunk_id":"cv2u60k6lerb0","chunk_label":"","document_id":"9220116D","expansion_state":0,"options":{"engine":"r","label":"unnamed-chunk-445"},"row":513,"row_count":1,"visible":true},{"chunk_id":"cswb6vkjmakx0","chunk_label":"","document_id":"9220116D","expansion_state":0,"options":{"engine":"r","label":"unnamed-chunk-446"},"row":517,"row_count":1,"visible":true},{"chunk_id":"c7xmra7qkujtr","chunk_label":"unnamed-chunk-97","document_id":"9220116D","expansion_state":0,"options":{"engine":"r","label":"unnamed-chunk-447"},"row":522,"row_count":1,"visible":true},{"chunk_id":"cnphwmkigld3p","chunk_label":"unnamed-chunk-102","document_id":"9220116D","expansion_state":0,"options":{"engine":"r","label":"unnamed-chunk-1"},"row":545,"row_count":1,"visible":true}],"doc_write_time":1586002244}