{"chunk_definitions":[{"chunk_id":"cpxih8thqmho9","chunk_label":"unnamed-chunk-1","document_id":"9220116D","expansion_state":0,"options":{"engine":"r","label":"unnamed-chunk-138"},"row":10,"row_count":1,"visible":true},{"chunk_id":"clvgu9jt69cbe","chunk_label":"unnamed-chunk-2","document_id":"9220116D","expansion_state":0,"options":{"engine":"r","label":"unnamed-chunk-139"},"row":13,"row_count":1,"visible":true},{"chunk_id":"crnv0eeu3ya1j","chunk_label":"unnamed-chunk-3","document_id":"9220116D","expansion_state":0,"options":{"engine":"r","label":"unnamed-chunk-140"},"row":17,"row_count":1,"visible":true},{"chunk_id":"czzcysj26bc78","chunk_label":"unnamed-chunk-4","document_id":"9220116D","expansion_state":0,"options":{"engine":"r","label":"unnamed-chunk-141"},"row":21,"row_count":1,"visible":true},{"chunk_id":"cfycj7z2dr9wo","chunk_label":"unnamed-chunk-5","document_id":"9220116D","expansion_state":0,"options":{"engine":"r","label":"unnamed-chunk-142"},"row":25,"row_count":1,"visible":true},{"chunk_id":"coa3ojh5dnweg","chunk_label":"unnamed-chunk-6","document_id":"9220116D","expansion_state":0,"options":{"engine":"r","label":"unnamed-chunk-143"},"row":29,"row_count":1,"visible":true},{"chunk_id":"cbya7tff2tens","chunk_label":"unnamed-chunk-7","document_id":"9220116D","expansion_state":0,"options":{"engine":"r","label":"unnamed-chunk-144"},"row":33,"row_count":1,"visible":true},{"chunk_id":"cdz12ksn4u3j7","chunk_label":"unnamed-chunk-8","document_id":"9220116D","expansion_state":0,"options":{"engine":"r","label":"unnamed-chunk-145"},"row":37,"row_count":1,"visible":true},{"chunk_id":"c0n6uodq5m1hc","chunk_label":"unnamed-chunk-9","document_id":"9220116D","expansion_state":0,"options":{"engine":"r","label":"unnamed-chunk-146"},"row":41,"row_count":1,"visible":true},{"chunk_id":"cjsx2t5x2tw31","chunk_label":"unnamed-chunk-10","document_id":"9220116D","expansion_state":0,"options":{"engine":"r","label":"unnamed-chunk-147"},"row":46,"row_count":1,"visible":true},{"chunk_id":"cli3uufettamn","chunk_label":"unnamed-chunk-11","document_id":"9220116D","expansion_state":0,"options":{"engine":"r","label":"unnamed-chunk-148"},"row":50,"row_count":1,"visible":true},{"chunk_id":"cais1h82bbnfp","chunk_label":"unnamed-chunk-12","document_id":"9220116D","expansion_state":0,"options":{"engine":"r","label":"unnamed-chunk-149"},"row":54,"row_count":1,"visible":true},{"chunk_id":"czcfn4oe4c1vg","chunk_label":"unnamed-chunk-13","document_id":"9220116D","expansion_state":0,"options":{"engine":"r","label":"unnamed-chunk-150"},"row":58,"row_count":1,"visible":true},{"chunk_id":"c0ak36af4o8io","chunk_label":"unnamed-chunk-14","document_id":"9220116D","expansion_state":0,"options":{"engine":"r","label":"unnamed-chunk-151"},"row":62,"row_count":1,"visible":true},{"chunk_id":"cov7kyz7y03rn","chunk_label":"unnamed-chunk-15","document_id":"9220116D","expansion_state":0,"options":{"engine":"r","label":"unnamed-chunk-152"},"row":66,"row_count":1,"visible":true},{"chunk_id":"cw04rjlggpqq2","chunk_label":"unnamed-chunk-16","document_id":"9220116D","expansion_state":0,"options":{"engine":"r","label":"unnamed-chunk-153"},"row":70,"row_count":1,"visible":true},{"chunk_id":"cmrqn7ud0w4bq","chunk_label":"unnamed-chunk-17","document_id":"9220116D","expansion_state":0,"options":{"engine":"r","label":"unnamed-chunk-154"},"row":74,"row_count":1,"visible":true},{"chunk_id":"c7q4qal57sl7i","chunk_label":"unnamed-chunk-18","document_id":"9220116D","expansion_state":0,"options":{"engine":"r","label":"unnamed-chunk-155"},"row":78,"row_count":1,"visible":true},{"chunk_id":"crvlqc8tiqfq3","chunk_label":"unnamed-chunk-19","document_id":"9220116D","expansion_state":0,"options":{"engine":"r","label":"unnamed-chunk-156"},"row":82,"row_count":1,"visible":true},{"chunk_id":"cdjy27uyyukgg","chunk_label":"unnamed-chunk-20","document_id":"9220116D","expansion_state":0,"options":{"engine":"r","label":"unnamed-chunk-157"},"row":86,"row_count":1,"visible":true},{"chunk_id":"cm0qvxsi5sp9q","chunk_label":"unnamed-chunk-21","document_id":"9220116D","expansion_state":0,"options":{"engine":"r","label":"unnamed-chunk-158"},"row":90,"row_count":1,"visible":true},{"chunk_id":"cv2z9ruo0fxls","chunk_label":"unnamed-chunk-22","document_id":"9220116D","expansion_state":0,"options":{"engine":"r","label":"unnamed-chunk-159"},"row":94,"row_count":1,"visible":true},{"chunk_id":"cuo4xpjypzufx","chunk_label":"unnamed-chunk-23","document_id":"9220116D","expansion_state":0,"options":{"engine":"r","label":"unnamed-chunk-160"},"row":98,"row_count":1,"visible":true},{"chunk_id":"c2runaghypzbg","chunk_label":"unnamed-chunk-24","document_id":"9220116D","expansion_state":0,"options":{"engine":"r","label":"unnamed-chunk-161"},"row":102,"row_count":1,"visible":true},{"chunk_id":"cs8r65g43qbll","chunk_label":"unnamed-chunk-25","document_id":"9220116D","expansion_state":0,"options":{"engine":"r","label":"unnamed-chunk-162"},"row":106,"row_count":1,"visible":true},{"chunk_id":"c5zdskaqvex0t","chunk_label":"unnamed-chunk-26","document_id":"9220116D","expansion_state":0,"options":{"engine":"r","label":"unnamed-chunk-163"},"row":110,"row_count":1,"visible":true},{"chunk_id":"cocuy8pkay0to","chunk_label":"unnamed-chunk-27","document_id":"9220116D","expansion_state":0,"options":{"engine":"r","label":"unnamed-chunk-164"},"row":114,"row_count":1,"visible":true},{"chunk_id":"c9atqtdksheyp","chunk_label":"unnamed-chunk-28","document_id":"9220116D","expansion_state":0,"options":{"engine":"r","label":"unnamed-chunk-165"},"row":118,"row_count":1,"visible":true},{"chunk_id":"c5bep6emy1kxy","chunk_label":"unnamed-chunk-29","document_id":"9220116D","expansion_state":0,"options":{"engine":"r","label":"unnamed-chunk-166"},"row":125,"row_count":1,"visible":true},{"chunk_id":"ca6ki4w2iia59","chunk_label":"unnamed-chunk-30","document_id":"9220116D","expansion_state":0,"options":{"engine":"r","label":"unnamed-chunk-167"},"row":130,"row_count":1,"visible":true},{"chunk_id":"cxu9ij37ie53d","chunk_label":"unnamed-chunk-31","document_id":"9220116D","expansion_state":0,"options":{"engine":"r","label":"unnamed-chunk-168"},"row":136,"row_count":1,"visible":true},{"chunk_id":"cge1opk338xnh","chunk_label":"unnamed-chunk-32","document_id":"9220116D","expansion_state":0,"options":{"engine":"r","label":"unnamed-chunk-169"},"row":141,"row_count":1,"visible":true},{"chunk_id":"cu5fn58cbrd6t","chunk_label":"unnamed-chunk-33","document_id":"9220116D","expansion_state":0,"options":{"engine":"r","label":"unnamed-chunk-170"},"row":146,"row_count":1,"visible":true},{"chunk_id":"cjy23p9l44e16","chunk_label":"unnamed-chunk-34","document_id":"9220116D","expansion_state":0,"options":{"engine":"r","label":"unnamed-chunk-171"},"row":151,"row_count":1,"visible":true},{"chunk_id":"c2ceo55ipfhsv","chunk_label":"unnamed-chunk-35","document_id":"9220116D","expansion_state":0,"options":{"engine":"r","label":"unnamed-chunk-172"},"row":156,"row_count":1,"visible":true},{"chunk_id":"cltdskr9p954m","chunk_label":"unnamed-chunk-36","document_id":"9220116D","expansion_state":0,"options":{"engine":"r","label":"unnamed-chunk-106"},"row":161,"row_count":1,"visible":true},{"chunk_id":"cz6hc6zrvlpl9","chunk_label":"unnamed-chunk-37","document_id":"9220116D","expansion_state":0,"options":{"engine":"r","label":"unnamed-chunk-107"},"row":166,"row_count":1,"visible":true},{"chunk_id":"ckwjh7z2n280k","chunk_label":"unnamed-chunk-38","document_id":"9220116D","expansion_state":0,"options":{"engine":"r","label":"unnamed-chunk-108"},"row":171,"row_count":1,"visible":true},{"chunk_id":"clsddjjgtcg9f","chunk_label":"unnamed-chunk-39","document_id":"9220116D","expansion_state":0,"options":{"engine":"r","label":"unnamed-chunk-109"},"row":176,"row_count":1,"visible":true},{"chunk_id":"cf2618sbejju7","chunk_label":"unnamed-chunk-40","document_id":"9220116D","expansion_state":0,"options":{"engine":"r","label":"unnamed-chunk-110"},"row":180,"row_count":1,"visible":true},{"chunk_id":"cwbgwzaqxku83","chunk_label":"unnamed-chunk-41","document_id":"9220116D","expansion_state":0,"options":{"engine":"r","label":"unnamed-chunk-111"},"row":184,"row_count":1,"visible":true},{"chunk_id":"cbfuzg1kewa2m","chunk_label":"unnamed-chunk-42","document_id":"9220116D","expansion_state":0,"options":{"engine":"r","label":"unnamed-chunk-112"},"row":188,"row_count":1,"visible":true},{"chunk_id":"cydwh3clqjhw8","chunk_label":"unnamed-chunk-43","document_id":"9220116D","expansion_state":0,"options":{"engine":"r","label":"unnamed-chunk-113"},"row":192,"row_count":1,"visible":true},{"chunk_id":"c2773tipwdkg1","chunk_label":"unnamed-chunk-44","document_id":"9220116D","expansion_state":0,"options":{"engine":"r","label":"unnamed-chunk-114"},"row":196,"row_count":1,"visible":true},{"chunk_id":"cr83mb7auwsj4","chunk_label":"unnamed-chunk-45","document_id":"9220116D","expansion_state":0,"options":{"engine":"r","label":"unnamed-chunk-115"},"row":200,"row_count":1,"visible":true},{"chunk_id":"cxildauxgnshl","chunk_label":"unnamed-chunk-46","document_id":"9220116D","expansion_state":0,"options":{"engine":"r","label":"unnamed-chunk-116"},"row":205,"row_count":1,"visible":true},{"chunk_id":"c49uwcwqd9ljv","chunk_label":"unnamed-chunk-47","document_id":"9220116D","expansion_state":0,"options":{"engine":"r","label":"unnamed-chunk-117"},"row":210,"row_count":1,"visible":true},{"chunk_id":"cvd2tkbygnmhy","chunk_label":"unnamed-chunk-48","document_id":"9220116D","expansion_state":0,"options":{"engine":"r","label":"unnamed-chunk-118"},"row":214,"row_count":1,"visible":true},{"chunk_id":"cz3rngkilsk9w","chunk_label":"unnamed-chunk-49","document_id":"9220116D","expansion_state":0,"options":{"engine":"r","label":"unnamed-chunk-119"},"row":218,"row_count":1,"visible":true},{"chunk_id":"c7al56oe8ggnv","chunk_label":"unnamed-chunk-50","document_id":"9220116D","expansion_state":0,"options":{"engine":"r","label":"unnamed-chunk-120"},"row":222,"row_count":1,"visible":true},{"chunk_id":"cbxzqrd55tpkg","chunk_label":"unnamed-chunk-51","document_id":"9220116D","expansion_state":0,"options":{"engine":"r","label":"unnamed-chunk-121"},"row":226,"row_count":1,"visible":true},{"chunk_id":"coh634wutg52j","chunk_label":"unnamed-chunk-52","document_id":"9220116D","expansion_state":0,"options":{"engine":"r","label":"unnamed-chunk-122"},"row":230,"row_count":1,"visible":true},{"chunk_id":"clk96n5ds8ys3","chunk_label":"unnamed-chunk-53","document_id":"9220116D","expansion_state":0,"options":{"engine":"r","label":"unnamed-chunk-123"},"row":234,"row_count":1,"visible":true},{"chunk_id":"c7jfmqv1fr5q8","chunk_label":"unnamed-chunk-54","document_id":"9220116D","expansion_state":0,"options":{"engine":"r","label":"unnamed-chunk-124"},"row":238,"row_count":1,"visible":true},{"chunk_id":"cc3cwc9xkkael","chunk_label":"unnamed-chunk-55","document_id":"9220116D","expansion_state":0,"options":{},"row":244,"row_count":1,"visible":true},{"chunk_id":"cg0jgzijw2x6l","chunk_label":"unnamed-chunk-56","document_id":"9220116D","expansion_state":0,"options":{"engine":"r","label":"unnamed-chunk-125"},"row":252,"row_count":1,"visible":true},{"chunk_id":"c74a4kejmwmt6","chunk_label":"unnamed-chunk-57","document_id":"9220116D","expansion_state":0,"options":{"engine":"r","label":"unnamed-chunk-126"},"row":256,"row_count":1,"visible":true},{"chunk_id":"canbgrwku94eb","chunk_label":"unnamed-chunk-58","document_id":"9220116D","expansion_state":0,"options":{"engine":"r","label":"unnamed-chunk-127"},"row":260,"row_count":1,"visible":true},{"chunk_id":"cijkdc8ntyafe","chunk_label":"unnamed-chunk-59","document_id":"9220116D","expansion_state":0,"options":{"engine":"r","label":"unnamed-chunk-128"},"row":264,"row_count":1,"visible":true},{"chunk_id":"c3e3rfv7y0vim","chunk_label":"unnamed-chunk-60","document_id":"9220116D","expansion_state":0,"options":{"engine":"r","label":"unnamed-chunk-129"},"row":268,"row_count":1,"visible":true},{"chunk_id":"caw88lrz4gkhy","chunk_label":"unnamed-chunk-61","document_id":"9220116D","expansion_state":0,"options":{"engine":"r","label":"unnamed-chunk-130"},"row":272,"row_count":1,"visible":true},{"chunk_id":"cdi909lbx9zcj","chunk_label":"unnamed-chunk-62","document_id":"9220116D","expansion_state":0,"options":{"engine":"r","label":"unnamed-chunk-131"},"row":293,"row_count":1,"visible":true},{"chunk_id":"cqwazwm3kdtx2","chunk_label":"unnamed-chunk-63","document_id":"9220116D","expansion_state":0,"options":{"engine":"r","label":"unnamed-chunk-132"},"row":297,"row_count":1,"visible":true},{"chunk_id":"cm61t8dne079c","chunk_label":"unnamed-chunk-64","document_id":"9220116D","expansion_state":0,"options":{"engine":"r","label":"unnamed-chunk-133"},"row":301,"row_count":1,"visible":true},{"chunk_id":"cps6jlh7gtrd6","chunk_label":"unnamed-chunk-65","document_id":"9220116D","expansion_state":0,"options":{"engine":"r","label":"unnamed-chunk-134"},"row":306,"row_count":1,"visible":true},{"chunk_id":"c0ebc27pq7czh","chunk_label":"unnamed-chunk-66","document_id":"9220116D","expansion_state":0,"options":{"engine":"r","label":"unnamed-chunk-135"},"row":313,"row_count":1,"visible":true},{"chunk_id":"cglfgykuds3we","chunk_label":"unnamed-chunk-67","document_id":"9220116D","expansion_state":0,"options":{"engine":"r","label":"unnamed-chunk-136"},"row":317,"row_count":1,"visible":true},{"chunk_id":"cpny4jpq4xtbj","chunk_label":"unnamed-chunk-68","document_id":"9220116D","expansion_state":0,"options":{"engine":"r","label":"unnamed-chunk-137"},"row":321,"row_count":1,"visible":true}],"doc_write_time":1585240229}