{"chunk_definitions":[{"chunk_id":"c2q7vb34dvnop","chunk_label":"unnamed-chunk-1","document_id":"3CE90D16","expansion_state":0,"options":{"engine":"r","label":"unnamed-chunk-716"},"row":10,"row_count":1,"visible":true},{"chunk_id":"choua69r5dtxb","chunk_label":"unnamed-chunk-2","document_id":"3CE90D16","expansion_state":0,"options":{"engine":"r","label":"unnamed-chunk-717"},"row":14,"row_count":1,"visible":true},{"chunk_id":"cmbvs9boiiusz","chunk_label":"unnamed-chunk-3","document_id":"3CE90D16","expansion_state":0,"options":{"engine":"r","label":"unnamed-chunk-718"},"row":18,"row_count":1,"visible":true},{"chunk_id":"cxazne8vbress","chunk_label":"unnamed-chunk-4","document_id":"3CE90D16","expansion_state":0,"options":{"engine":"r","label":"unnamed-chunk-719"},"row":22,"row_count":1,"visible":true},{"chunk_id":"c06wh8sbrozvo","chunk_label":"unnamed-chunk-5","document_id":"3CE90D16","expansion_state":0,"options":{"engine":"r","label":"unnamed-chunk-720"},"row":26,"row_count":1,"visible":true},{"chunk_id":"c7uw1zqpoq4da","chunk_label":"unnamed-chunk-6","document_id":"3CE90D16","expansion_state":0,"options":{"engine":"r","label":"unnamed-chunk-721"},"row":30,"row_count":1,"visible":true},{"chunk_id":"cergpg7tcvyu6","chunk_label":"unnamed-chunk-7","document_id":"3CE90D16","expansion_state":0,"options":{"engine":"r","label":"unnamed-chunk-722"},"row":35,"row_count":1,"visible":true},{"chunk_id":"cwb4gqpv4xtce","chunk_label":"unnamed-chunk-8","document_id":"3CE90D16","expansion_state":0,"options":{"engine":"r","label":"unnamed-chunk-723"},"row":39,"row_count":1,"visible":true},{"chunk_id":"cntqyzgvtkge7","chunk_label":"unnamed-chunk-9","document_id":"3CE90D16","expansion_state":0,"options":{"engine":"r","label":"unnamed-chunk-724"},"row":43,"row_count":1,"visible":true},{"chunk_id":"cyxg77u6vyjty","chunk_label":"unnamed-chunk-10","document_id":"3CE90D16","expansion_state":0,"options":{"engine":"r","label":"unnamed-chunk-725"},"row":47,"row_count":1,"visible":true},{"chunk_id":"cdnxam0b00nqs","chunk_label":"unnamed-chunk-11","document_id":"3CE90D16","expansion_state":0,"options":{"engine":"r","label":"unnamed-chunk-726"},"row":51,"row_count":1,"visible":true},{"chunk_id":"cq30165w7c7jh","chunk_label":"unnamed-chunk-12","document_id":"3CE90D16","expansion_state":0,"options":{"engine":"r","label":"unnamed-chunk-727"},"row":55,"row_count":1,"visible":true},{"chunk_id":"c18eiuszs6jh3","chunk_label":"unnamed-chunk-13","document_id":"3CE90D16","expansion_state":0,"options":{"engine":"r","label":"unnamed-chunk-728"},"row":59,"row_count":1,"visible":true},{"chunk_id":"crw0tj19r0285","chunk_label":"unnamed-chunk-14","document_id":"3CE90D16","expansion_state":0,"options":{"engine":"r","label":"unnamed-chunk-729"},"row":63,"row_count":1,"visible":true},{"chunk_id":"cqblwvmlyhaeg","chunk_label":"unnamed-chunk-15","document_id":"3CE90D16","expansion_state":0,"options":{"engine":"r","label":"unnamed-chunk-730"},"row":67,"row_count":1,"visible":true},{"chunk_id":"chw8jgb570f0x","chunk_label":"unnamed-chunk-16","document_id":"3CE90D16","expansion_state":0,"options":{"engine":"r","label":"unnamed-chunk-731"},"row":71,"row_count":1,"visible":true},{"chunk_id":"c5e7d8gweucqo","chunk_label":"unnamed-chunk-17","document_id":"3CE90D16","expansion_state":0,"options":{"engine":"r","label":"unnamed-chunk-732"},"row":75,"row_count":1,"visible":true},{"chunk_id":"cnmb26jtv6s3k","chunk_label":"unnamed-chunk-18","document_id":"3CE90D16","expansion_state":0,"options":{"engine":"r","label":"unnamed-chunk-733"},"row":79,"row_count":1,"visible":true},{"chunk_id":"csjfvsvkepufe","chunk_label":"unnamed-chunk-19","document_id":"3CE90D16","expansion_state":0,"options":{"engine":"r","label":"unnamed-chunk-734"},"row":83,"row_count":1,"visible":true},{"chunk_id":"c5ns284p8gtfi","chunk_label":"unnamed-chunk-20","document_id":"3CE90D16","expansion_state":0,"options":{"engine":"r","label":"unnamed-chunk-735"},"row":87,"row_count":1,"visible":true},{"chunk_id":"cqzcqfgjjpp6c","chunk_label":"unnamed-chunk-21","document_id":"3CE90D16","expansion_state":0,"options":{"engine":"r","label":"unnamed-chunk-736"},"row":91,"row_count":1,"visible":true},{"chunk_id":"cwfpcpzgf14ux","chunk_label":"unnamed-chunk-22","document_id":"3CE90D16","expansion_state":0,"options":{"engine":"r","label":"unnamed-chunk-737"},"row":95,"row_count":1,"visible":true},{"chunk_id":"cunp7ay6tlti3","chunk_label":"unnamed-chunk-23","document_id":"3CE90D16","expansion_state":0,"options":{"engine":"r","label":"unnamed-chunk-738"},"row":99,"row_count":1,"visible":true},{"chunk_id":"c30mn0wst0weu","chunk_label":"unnamed-chunk-24","document_id":"3CE90D16","expansion_state":0,"options":{"engine":"r","label":"unnamed-chunk-739"},"row":103,"row_count":1,"visible":true},{"chunk_id":"caum15inr8n4y","chunk_label":"unnamed-chunk-25","document_id":"3CE90D16","expansion_state":0,"options":{"engine":"r","label":"unnamed-chunk-740"},"row":107,"row_count":1,"visible":true},{"chunk_id":"cl5xp2jrpjcp2","chunk_label":"unnamed-chunk-26","document_id":"3CE90D16","expansion_state":0,"options":{"engine":"r","label":"unnamed-chunk-741"},"row":111,"row_count":1,"visible":true},{"chunk_id":"c9vf0u74pkbua","chunk_label":"unnamed-chunk-27","document_id":"3CE90D16","expansion_state":0,"options":{"engine":"r","label":"unnamed-chunk-742"},"row":115,"row_count":1,"visible":true},{"chunk_id":"csdxzp5evucky","chunk_label":"unnamed-chunk-28","document_id":"3CE90D16","expansion_state":0,"options":{"engine":"r","label":"unnamed-chunk-743"},"row":119,"row_count":1,"visible":true},{"chunk_id":"ckdcs6siefs91","chunk_label":"unnamed-chunk-29","document_id":"3CE90D16","expansion_state":0,"options":{"engine":"r","label":"unnamed-chunk-744"},"row":123,"row_count":1,"visible":true},{"chunk_id":"csf2pu8g4mxsp","chunk_label":"unnamed-chunk-30","document_id":"3CE90D16","expansion_state":0,"options":{"engine":"r","label":"unnamed-chunk-745"},"row":127,"row_count":1,"visible":true},{"chunk_id":"cinxbcr857dsp","chunk_label":"unnamed-chunk-31","document_id":"3CE90D16","expansion_state":0,"options":{"engine":"r","label":"unnamed-chunk-746"},"row":131,"row_count":1,"visible":true},{"chunk_id":"cdcucz6w2w7o9","chunk_label":"unnamed-chunk-32","document_id":"3CE90D16","expansion_state":0,"options":{"engine":"r","label":"unnamed-chunk-747"},"row":135,"row_count":1,"visible":true},{"chunk_id":"c26l70hvi4pqi","chunk_label":"unnamed-chunk-33","document_id":"3CE90D16","expansion_state":0,"options":{"engine":"r","label":"unnamed-chunk-748"},"row":143,"row_count":1,"visible":true},{"chunk_id":"ck06l9wniczhu","chunk_label":"unnamed-chunk-34","document_id":"3CE90D16","expansion_state":0,"options":{"engine":"r","label":"unnamed-chunk-749"},"row":148,"row_count":1,"visible":true},{"chunk_id":"ci8b1wl75y6an","chunk_label":"unnamed-chunk-35","document_id":"3CE90D16","expansion_state":0,"options":{"engine":"r","label":"unnamed-chunk-750"},"row":152,"row_count":1,"visible":true},{"chunk_id":"ch06r3txwsuvd","chunk_label":"unnamed-chunk-36","document_id":"3CE90D16","expansion_state":0,"options":{"engine":"r","label":"unnamed-chunk-751"},"row":156,"row_count":1,"visible":true},{"chunk_id":"c3ev0txpw0asp","chunk_label":"unnamed-chunk-37","document_id":"3CE90D16","expansion_state":0,"options":{"engine":"r","label":"unnamed-chunk-752"},"row":160,"row_count":1,"visible":true},{"chunk_id":"c0tsljkr3vwzl","chunk_label":"unnamed-chunk-38","document_id":"3CE90D16","expansion_state":0,"options":{"engine":"r","label":"unnamed-chunk-753"},"row":164,"row_count":1,"visible":true},{"chunk_id":"crnhnmvbnmzur","chunk_label":"unnamed-chunk-39","document_id":"3CE90D16","expansion_state":0,"options":{"engine":"r","label":"unnamed-chunk-754"},"row":168,"row_count":1,"visible":true},{"chunk_id":"cqrtih7esikfk","chunk_label":"unnamed-chunk-40","document_id":"3CE90D16","expansion_state":0,"options":{"engine":"r","label":"unnamed-chunk-755"},"row":172,"row_count":1,"visible":true},{"chunk_id":"c0lthp2l53hrz","chunk_label":"unnamed-chunk-41","document_id":"3CE90D16","expansion_state":0,"options":{"engine":"r","label":"unnamed-chunk-756"},"row":176,"row_count":1,"visible":true},{"chunk_id":"cy8nywos27fgm","chunk_label":"unnamed-chunk-42","document_id":"3CE90D16","expansion_state":0,"options":{"engine":"r","label":"unnamed-chunk-757"},"row":180,"row_count":1,"visible":true},{"chunk_id":"c9xrywb2d7sr1","chunk_label":"unnamed-chunk-43","document_id":"3CE90D16","expansion_state":0,"options":{"engine":"r","label":"unnamed-chunk-758"},"row":184,"row_count":1,"visible":true},{"chunk_id":"c4k66t97uqyda","chunk_label":"unnamed-chunk-44","document_id":"3CE90D16","expansion_state":0,"options":{"engine":"r","label":"unnamed-chunk-759"},"row":188,"row_count":1,"visible":true},{"chunk_id":"cd0ejcghqtvrc","chunk_label":"unnamed-chunk-45","document_id":"3CE90D16","expansion_state":0,"options":{"engine":"r","label":"unnamed-chunk-760"},"row":192,"row_count":1,"visible":true},{"chunk_id":"c2elx7i23jhb8","chunk_label":"unnamed-chunk-46","document_id":"3CE90D16","expansion_state":0,"options":{"engine":"r","label":"unnamed-chunk-761"},"row":197,"row_count":1,"visible":true},{"chunk_id":"cv4cbmdih52dd","chunk_label":"unnamed-chunk-47","document_id":"3CE90D16","expansion_state":0,"options":{"engine":"r","label":"unnamed-chunk-762"},"row":201,"row_count":1,"visible":true},{"chunk_id":"c9nu6thxi7drn","chunk_label":"unnamed-chunk-48","document_id":"3CE90D16","expansion_state":0,"options":{"engine":"r","label":"unnamed-chunk-763"},"row":205,"row_count":1,"visible":true},{"chunk_id":"cz4jquip0sil7","chunk_label":"unnamed-chunk-49","document_id":"3CE90D16","expansion_state":0,"options":{"engine":"r","label":"unnamed-chunk-764"},"row":209,"row_count":1,"visible":true},{"chunk_id":"cvspeee3b7lpi","chunk_label":"unnamed-chunk-50","document_id":"3CE90D16","expansion_state":0,"options":{"engine":"r","label":"unnamed-chunk-765"},"row":213,"row_count":1,"visible":true},{"chunk_id":"cpzzofnxyuy68","chunk_label":"unnamed-chunk-51","document_id":"3CE90D16","expansion_state":0,"options":{"engine":"r","label":"unnamed-chunk-766"},"row":217,"row_count":1,"visible":true},{"chunk_id":"clmvxew9o8lez","chunk_label":"unnamed-chunk-52","document_id":"3CE90D16","expansion_state":0,"options":{"engine":"r","label":"unnamed-chunk-767"},"row":221,"row_count":1,"visible":true},{"chunk_id":"cwmkhhcfhv42l","chunk_label":"unnamed-chunk-53","document_id":"3CE90D16","expansion_state":0,"options":{"engine":"r","label":"unnamed-chunk-768"},"row":225,"row_count":1,"visible":true},{"chunk_id":"csdgwrt5b66zm","chunk_label":"unnamed-chunk-54","document_id":"3CE90D16","expansion_state":0,"options":{"engine":"r","label":"unnamed-chunk-769"},"row":229,"row_count":1,"visible":true},{"chunk_id":"c571xcvm5jb6h","chunk_label":"unnamed-chunk-55","document_id":"3CE90D16","expansion_state":0,"options":{"engine":"r","label":"unnamed-chunk-770"},"row":233,"row_count":1,"visible":true},{"chunk_id":"csqimv16rd1qk","chunk_label":"unnamed-chunk-56","document_id":"3CE90D16","expansion_state":0,"options":{"engine":"r","label":"unnamed-chunk-771"},"row":237,"row_count":1,"visible":true},{"chunk_id":"cvamyfpq5vqs3","chunk_label":"unnamed-chunk-57","document_id":"3CE90D16","expansion_state":0,"options":{"engine":"r","label":"unnamed-chunk-772"},"row":241,"row_count":1,"visible":true},{"chunk_id":"csnbjd4mdjff2","chunk_label":"unnamed-chunk-58","document_id":"3CE90D16","expansion_state":0,"options":{"engine":"r","label":"unnamed-chunk-773"},"row":245,"row_count":1,"visible":true},{"chunk_id":"c93wsjrg0fu9e","chunk_label":"unnamed-chunk-59","document_id":"3CE90D16","expansion_state":0,"options":{"engine":"r","label":"unnamed-chunk-774"},"row":249,"row_count":1,"visible":true},{"chunk_id":"c2y4v34a6m2i8","chunk_label":"unnamed-chunk-60","document_id":"3CE90D16","expansion_state":0,"options":{"engine":"r","label":"unnamed-chunk-775"},"row":268,"row_count":1,"visible":true},{"chunk_id":"ciew9af8f0336","chunk_label":"unnamed-chunk-61","document_id":"3CE90D16","expansion_state":0,"options":{"engine":"r","label":"unnamed-chunk-776"},"row":272,"row_count":1,"visible":true},{"chunk_id":"c0mp5b4nwszfb","chunk_label":"unnamed-chunk-62","document_id":"3CE90D16","expansion_state":0,"options":{"engine":"r","label":"unnamed-chunk-777"},"row":276,"row_count":1,"visible":true},{"chunk_id":"c4ultuqty23ae","chunk_label":"unnamed-chunk-63","document_id":"3CE90D16","expansion_state":0,"options":{"engine":"r","label":"unnamed-chunk-778"},"row":282,"row_count":1,"visible":true},{"chunk_id":"cfxykcgkvns98","chunk_label":"unnamed-chunk-64","document_id":"3CE90D16","expansion_state":0,"options":{"engine":"r","label":"unnamed-chunk-780"},"row":286,"row_count":1,"visible":true},{"chunk_id":"cvrl9egbnbj7e","chunk_label":"unnamed-chunk-65","document_id":"3CE90D16","expansion_state":0,"options":{"engine":"r","label":"unnamed-chunk-781"},"row":291,"row_count":1,"visible":true}],"chunk_rendered_width":700,"doc_write_time":1585045890}