{"chunk_definitions":[{"chunk_id":"cyx2utwxoof8q","chunk_label":"unnamed-chunk-1","document_id":"9220116D","expansion_state":0,"options":{"engine":"r","label":"unnamed-chunk-86"},"row":9,"row_count":1,"visible":true},{"chunk_id":"ccywp6yuew10q","chunk_label":"unnamed-chunk-2","document_id":"9220116D","expansion_state":0,"options":{"engine":"r","label":"unnamed-chunk-87"},"row":13,"row_count":1,"visible":true},{"chunk_id":"ccwclm2z122ff","chunk_label":"unnamed-chunk-3","document_id":"9220116D","expansion_state":0,"options":{"engine":"r","label":"unnamed-chunk-88"},"row":17,"row_count":1,"visible":true},{"chunk_id":"cqyye2jex47l5","chunk_label":"unnamed-chunk-4","document_id":"9220116D","expansion_state":0,"options":{"engine":"r","label":"unnamed-chunk-89"},"row":21,"row_count":1,"visible":true},{"chunk_id":"cbzmrfybrjjqx","chunk_label":"unnamed-chunk-5","document_id":"9220116D","expansion_state":0,"options":{"engine":"r","label":"unnamed-chunk-90"},"row":25,"row_count":1,"visible":true},{"chunk_id":"c5igwsl76jjhs","chunk_label":"unnamed-chunk-6","document_id":"9220116D","expansion_state":0,"options":{"engine":"r","label":"unnamed-chunk-91"},"row":29,"row_count":1,"visible":true},{"chunk_id":"cniqj3n096udx","chunk_label":"unnamed-chunk-7","document_id":"9220116D","expansion_state":0,"options":{"engine":"r","label":"unnamed-chunk-92"},"row":33,"row_count":1,"visible":true},{"chunk_id":"c1opjofichsen","chunk_label":"unnamed-chunk-8","document_id":"9220116D","expansion_state":0,"options":{"engine":"r","label":"unnamed-chunk-93"},"row":37,"row_count":1,"visible":true},{"chunk_id":"c4pz3zrd0u44h","chunk_label":"unnamed-chunk-9","document_id":"9220116D","expansion_state":0,"options":{"engine":"r","label":"unnamed-chunk-94"},"row":41,"row_count":1,"visible":true},{"chunk_id":"c25mc2os0msn0","chunk_label":"unnamed-chunk-10","document_id":"9220116D","expansion_state":0,"options":{"engine":"r","label":"unnamed-chunk-95"},"row":45,"row_count":1,"visible":true},{"chunk_id":"c5d9h2quidb1l","chunk_label":"unnamed-chunk-11","document_id":"9220116D","expansion_state":0,"options":{"engine":"r","label":"unnamed-chunk-96"},"row":49,"row_count":1,"visible":true},{"chunk_id":"c7ylfhk8nt0z7","chunk_label":"unnamed-chunk-12","document_id":"9220116D","expansion_state":0,"options":{"engine":"r","label":"unnamed-chunk-97"},"row":53,"row_count":1,"visible":true},{"chunk_id":"c2ctj8mizjcl3","chunk_label":"unnamed-chunk-13","document_id":"9220116D","expansion_state":0,"options":{"engine":"r","label":"unnamed-chunk-98"},"row":57,"row_count":1,"visible":true},{"chunk_id":"cc2r5thl447dh","chunk_label":"unnamed-chunk-14","document_id":"9220116D","expansion_state":0,"options":{"engine":"r","label":"unnamed-chunk-99"},"row":61,"row_count":1,"visible":true},{"chunk_id":"cjp5m1z60gcy0","chunk_label":"unnamed-chunk-15","document_id":"9220116D","expansion_state":0,"options":{"engine":"r","label":"unnamed-chunk-100"},"row":65,"row_count":1,"visible":true},{"chunk_id":"cvfshqmsulceb","chunk_label":"unnamed-chunk-16","document_id":"9220116D","expansion_state":0,"options":{"engine":"r","label":"unnamed-chunk-101"},"row":69,"row_count":1,"visible":true},{"chunk_id":"c296ryr3lqj4v","chunk_label":"unnamed-chunk-17","document_id":"9220116D","expansion_state":0,"options":{"engine":"r","label":"unnamed-chunk-102"},"row":73,"row_count":1,"visible":true},{"chunk_id":"cbjblgq32d12d","chunk_label":"unnamed-chunk-18","document_id":"9220116D","expansion_state":0,"options":{"engine":"r","label":"unnamed-chunk-103"},"row":77,"row_count":1,"visible":true},{"chunk_id":"cqjly61b5svhe","chunk_label":"unnamed-chunk-19","document_id":"9220116D","expansion_state":0,"options":{"engine":"r","label":"unnamed-chunk-104"},"row":81,"row_count":1,"visible":true},{"chunk_id":"c7d8jilyrdgl1","chunk_label":"unnamed-chunk-20","document_id":"9220116D","expansion_state":0,"options":{"engine":"r","label":"unnamed-chunk-105"},"row":85,"row_count":1,"visible":true},{"chunk_id":"cco0bm4tkcvpj","chunk_label":"unnamed-chunk-21","document_id":"9220116D","expansion_state":0,"options":{"engine":"r","label":"unnamed-chunk-106"},"row":89,"row_count":1,"visible":true},{"chunk_id":"ccudytc9zq16v","chunk_label":"unnamed-chunk-22","document_id":"9220116D","expansion_state":0,"options":{"engine":"r","label":"unnamed-chunk-107"},"row":93,"row_count":1,"visible":true},{"chunk_id":"ch0bnufnqxi1s","chunk_label":"unnamed-chunk-23","document_id":"9220116D","expansion_state":0,"options":{"engine":"r","label":"unnamed-chunk-108"},"row":97,"row_count":1,"visible":true},{"chunk_id":"c6asghu6ezro1","chunk_label":"unnamed-chunk-24","document_id":"9220116D","expansion_state":0,"options":{"engine":"r","label":"unnamed-chunk-109"},"row":101,"row_count":1,"visible":true},{"chunk_id":"c2c3g7gk6jy8g","chunk_label":"unnamed-chunk-25","document_id":"9220116D","expansion_state":0,"options":{"engine":"r","label":"unnamed-chunk-110"},"row":105,"row_count":1,"visible":true},{"chunk_id":"cocsxpezz9u45","chunk_label":"unnamed-chunk-26","document_id":"9220116D","expansion_state":0,"options":{"engine":"r","label":"unnamed-chunk-111"},"row":109,"row_count":1,"visible":true},{"chunk_id":"cdgposbvacw10","chunk_label":"unnamed-chunk-27","document_id":"9220116D","expansion_state":0,"options":{"engine":"r","label":"unnamed-chunk-112"},"row":113,"row_count":1,"visible":true},{"chunk_id":"cm1i26k3n1fsh","chunk_label":"unnamed-chunk-28","document_id":"9220116D","expansion_state":0,"options":{"engine":"r","label":"unnamed-chunk-113"},"row":117,"row_count":1,"visible":true},{"chunk_id":"cn9e7h4iml5k4","chunk_label":"unnamed-chunk-29","document_id":"9220116D","expansion_state":0,"options":{"engine":"r","label":"unnamed-chunk-114"},"row":121,"row_count":1,"visible":true},{"chunk_id":"ca48gi5nh6qsf","chunk_label":"unnamed-chunk-30","document_id":"9220116D","expansion_state":0,"options":{"engine":"r","label":"unnamed-chunk-115"},"row":125,"row_count":1,"visible":true},{"chunk_id":"cqbvqetu5ryah","chunk_label":"unnamed-chunk-31","document_id":"9220116D","expansion_state":0,"options":{"engine":"r","label":"unnamed-chunk-116"},"row":129,"row_count":1,"visible":true},{"chunk_id":"cclr3u7p8gyi7","chunk_label":"unnamed-chunk-32","document_id":"9220116D","expansion_state":0,"options":{"engine":"r","label":"unnamed-chunk-117"},"row":133,"row_count":1,"visible":true},{"chunk_id":"c83uxix8hnj4l","chunk_label":"unnamed-chunk-33","document_id":"9220116D","expansion_state":0,"options":{"engine":"r","label":"unnamed-chunk-118"},"row":137,"row_count":1,"visible":true},{"chunk_id":"cq1vsi9f4fbo3","chunk_label":"unnamed-chunk-34","document_id":"9220116D","expansion_state":0,"options":{"engine":"r","label":"unnamed-chunk-119"},"row":141,"row_count":1,"visible":true},{"chunk_id":"c6foqdn6b27ee","chunk_label":"unnamed-chunk-35","document_id":"9220116D","expansion_state":0,"options":{"engine":"r","label":"unnamed-chunk-120"},"row":146,"row_count":1,"visible":true},{"chunk_id":"c9aapy1v6c3qd","chunk_label":"unnamed-chunk-36","document_id":"9220116D","expansion_state":0,"options":{"engine":"r","label":"unnamed-chunk-121"},"row":151,"row_count":1,"visible":true},{"chunk_id":"c3xg38ragrlr2","chunk_label":"unnamed-chunk-37","document_id":"9220116D","expansion_state":0,"options":{"engine":"r","label":"unnamed-chunk-122"},"row":156,"row_count":1,"visible":true},{"chunk_id":"cepv22y62ve32","chunk_label":"unnamed-chunk-38","document_id":"9220116D","expansion_state":0,"options":{"engine":"r","label":"unnamed-chunk-123"},"row":161,"row_count":1,"visible":true},{"chunk_id":"c80t40uorjvb9","chunk_label":"unnamed-chunk-39","document_id":"9220116D","expansion_state":0,"options":{"engine":"r","label":"unnamed-chunk-124"},"row":166,"row_count":1,"visible":true},{"chunk_id":"crro1lon60xem","chunk_label":"unnamed-chunk-40","document_id":"9220116D","expansion_state":0,"options":{"engine":"r","label":"unnamed-chunk-125"},"row":171,"row_count":1,"visible":true},{"chunk_id":"cxt1nyjg0xule","chunk_label":"unnamed-chunk-41","document_id":"9220116D","expansion_state":0,"options":{"engine":"r","label":"unnamed-chunk-126"},"row":176,"row_count":1,"visible":true},{"chunk_id":"cn2tg182uv4d5","chunk_label":"unnamed-chunk-42","document_id":"9220116D","expansion_state":0,"options":{"engine":"r","label":"unnamed-chunk-127"},"row":181,"row_count":1,"visible":true},{"chunk_id":"cm92p96yhseq8","chunk_label":"unnamed-chunk-43","document_id":"9220116D","expansion_state":0,"options":{"engine":"r","label":"unnamed-chunk-128"},"row":185,"row_count":1,"visible":true},{"chunk_id":"cv0aotfws5etf","chunk_label":"unnamed-chunk-44","document_id":"9220116D","expansion_state":0,"options":{"engine":"r","label":"unnamed-chunk-129"},"row":190,"row_count":1,"visible":true},{"chunk_id":"cnv7oezvuxvxb","chunk_label":"unnamed-chunk-45","document_id":"9220116D","expansion_state":0,"options":{"engine":"r","label":"unnamed-chunk-130"},"row":194,"row_count":1,"visible":true},{"chunk_id":"cocx5jsmho4nk","chunk_label":"unnamed-chunk-46","document_id":"9220116D","expansion_state":0,"options":{"engine":"r","label":"unnamed-chunk-131"},"row":198,"row_count":1,"visible":true},{"chunk_id":"ckby1o9gil8ik","chunk_label":"unnamed-chunk-47","document_id":"9220116D","expansion_state":0,"options":{"engine":"r","label":"unnamed-chunk-132"},"row":202,"row_count":1,"visible":true},{"chunk_id":"chbqvz7o36o7e","chunk_label":"unnamed-chunk-48","document_id":"9220116D","expansion_state":0,"options":{"engine":"r","label":"unnamed-chunk-133"},"row":206,"row_count":1,"visible":true},{"chunk_id":"c85zips1rmj23","chunk_label":"unnamed-chunk-49","document_id":"9220116D","expansion_state":0,"options":{"engine":"r","label":"unnamed-chunk-134"},"row":210,"row_count":1,"visible":true},{"chunk_id":"cbuy6pe88u9ii","chunk_label":"unnamed-chunk-50","document_id":"9220116D","expansion_state":0,"options":{"engine":"r","label":"unnamed-chunk-135"},"row":214,"row_count":1,"visible":true},{"chunk_id":"chi6tg2ggaz3a","chunk_label":"unnamed-chunk-51","document_id":"9220116D","expansion_state":0,"options":{"engine":"r","label":"unnamed-chunk-136"},"row":219,"row_count":1,"visible":true},{"chunk_id":"c06s0z6gbi6wx","chunk_label":"unnamed-chunk-52","document_id":"9220116D","expansion_state":0,"options":{"engine":"r","label":"unnamed-chunk-137"},"row":224,"row_count":1,"visible":true},{"chunk_id":"cq3yop8auz5ws","chunk_label":"unnamed-chunk-53","document_id":"9220116D","expansion_state":0,"options":{"engine":"r","label":"unnamed-chunk-138"},"row":228,"row_count":1,"visible":true},{"chunk_id":"car2uabshlrxb","chunk_label":"unnamed-chunk-54","document_id":"9220116D","expansion_state":0,"options":{"engine":"r","label":"unnamed-chunk-139"},"row":232,"row_count":1,"visible":true},{"chunk_id":"ck6zk66p2nq68","chunk_label":"unnamed-chunk-55","document_id":"9220116D","expansion_state":0,"options":{"engine":"r","label":"unnamed-chunk-140"},"row":236,"row_count":1,"visible":true},{"chunk_id":"ch70o61zoyfzu","chunk_label":"unnamed-chunk-56","document_id":"9220116D","expansion_state":0,"options":{"engine":"r","label":"unnamed-chunk-141"},"row":240,"row_count":1,"visible":true},{"chunk_id":"ci79xuwejyfay","chunk_label":"unnamed-chunk-57","document_id":"9220116D","expansion_state":0,"options":{"engine":"r","label":"unnamed-chunk-142"},"row":244,"row_count":1,"visible":true},{"chunk_id":"c1qvt32w4c9no","chunk_label":"unnamed-chunk-58","document_id":"9220116D","expansion_state":0,"options":{"engine":"r","label":"unnamed-chunk-143"},"row":248,"row_count":1,"visible":true},{"chunk_id":"crz7gzqhsedk4","chunk_label":"unnamed-chunk-59","document_id":"9220116D","expansion_state":0,"options":{"engine":"r","label":"unnamed-chunk-144"},"row":252,"row_count":1,"visible":true},{"chunk_id":"ceoq0sxdv7xi1","chunk_label":"unnamed-chunk-60","document_id":"9220116D","expansion_state":0,"options":{"engine":"r","label":"unnamed-chunk-145"},"row":256,"row_count":1,"visible":true},{"chunk_id":"cl19f75g1fza9","chunk_label":"unnamed-chunk-61","document_id":"9220116D","expansion_state":0,"options":{"engine":"r","label":"unnamed-chunk-146"},"row":260,"row_count":1,"visible":true},{"chunk_id":"cmuzl81boszoi","chunk_label":"unnamed-chunk-62","document_id":"9220116D","expansion_state":0,"options":{"engine":"r","label":"unnamed-chunk-147"},"row":264,"row_count":1,"visible":true},{"chunk_id":"cueej6v3voigx","chunk_label":"unnamed-chunk-63","document_id":"9220116D","expansion_state":0,"options":{"engine":"r","label":"unnamed-chunk-148"},"row":268,"row_count":1,"visible":true},{"chunk_id":"cxfkgscs0xyah","chunk_label":"unnamed-chunk-64","document_id":"9220116D","expansion_state":0,"options":{"engine":"r","label":"unnamed-chunk-149"},"row":272,"row_count":1,"visible":true},{"chunk_id":"ckcwc76qkoztw","chunk_label":"unnamed-chunk-65","document_id":"9220116D","expansion_state":0,"options":{"engine":"r","label":"unnamed-chunk-150"},"row":276,"row_count":1,"visible":true},{"chunk_id":"coojfl8qmwd1e","chunk_label":"unnamed-chunk-66","document_id":"9220116D","expansion_state":0,"options":{"engine":"r","label":"unnamed-chunk-151"},"row":280,"row_count":1,"visible":true},{"chunk_id":"cyenrx2avwnzj","chunk_label":"unnamed-chunk-67","document_id":"9220116D","expansion_state":0,"options":{"engine":"r","label":"unnamed-chunk-152"},"row":284,"row_count":1,"visible":true},{"chunk_id":"cp0og33n2nueq","chunk_label":"unnamed-chunk-68","document_id":"9220116D","expansion_state":0,"options":{"engine":"r","label":"unnamed-chunk-153"},"row":303,"row_count":1,"visible":true},{"chunk_id":"caqlr5u8bzhw1","chunk_label":"unnamed-chunk-69","document_id":"9220116D","expansion_state":0,"options":{"engine":"r","label":"unnamed-chunk-154"},"row":307,"row_count":1,"visible":true},{"chunk_id":"cuepqf19ecngl","chunk_label":"unnamed-chunk-70","document_id":"9220116D","expansion_state":0,"options":{"engine":"r","label":"unnamed-chunk-155"},"row":311,"row_count":1,"visible":true},{"chunk_id":"cx2meowh5yhtp","chunk_label":"unnamed-chunk-71","document_id":"9220116D","expansion_state":0,"options":{"engine":"r","label":"unnamed-chunk-156"},"row":315,"row_count":1,"visible":true},{"chunk_id":"cj96mslo78y9s","chunk_label":"unnamed-chunk-72","document_id":"9220116D","expansion_state":0,"options":{"engine":"r","label":"unnamed-chunk-157"},"row":319,"row_count":1,"visible":true}],"doc_write_time":1586018208}