{"chunk_definitions":[{"chunk_id":"cpxih8thqmho9","chunk_label":"unnamed-chunk-1","document_id":"9220116D","expansion_state":0,"options":{"engine":"r","label":"unnamed-chunk-221"},"row":10,"row_count":1,"visible":true},{"chunk_id":"clvgu9jt69cbe","chunk_label":"unnamed-chunk-2","document_id":"9220116D","expansion_state":0,"options":{"engine":"r","label":"unnamed-chunk-222"},"row":13,"row_count":1,"visible":true},{"chunk_id":"crnv0eeu3ya1j","chunk_label":"unnamed-chunk-3","document_id":"9220116D","expansion_state":0,"options":{"engine":"r","label":"unnamed-chunk-223"},"row":17,"row_count":1,"visible":true},{"chunk_id":"czzcysj26bc78","chunk_label":"unnamed-chunk-4","document_id":"9220116D","expansion_state":0,"options":{"engine":"r","label":"unnamed-chunk-224"},"row":21,"row_count":1,"visible":true},{"chunk_id":"cfycj7z2dr9wo","chunk_label":"unnamed-chunk-5","document_id":"9220116D","expansion_state":0,"options":{"engine":"r","label":"unnamed-chunk-225"},"row":25,"row_count":1,"visible":true},{"chunk_id":"coa3ojh5dnweg","chunk_label":"unnamed-chunk-6","document_id":"9220116D","expansion_state":0,"options":{"engine":"r","label":"unnamed-chunk-226"},"row":29,"row_count":1,"visible":true},{"chunk_id":"cbya7tff2tens","chunk_label":"unnamed-chunk-7","document_id":"9220116D","expansion_state":0,"options":{"engine":"r","label":"unnamed-chunk-227"},"row":33,"row_count":1,"visible":true},{"chunk_id":"cdz12ksn4u3j7","chunk_label":"unnamed-chunk-8","document_id":"9220116D","expansion_state":0,"options":{"engine":"r","label":"unnamed-chunk-228"},"row":37,"row_count":1,"visible":true},{"chunk_id":"c0n6uodq5m1hc","chunk_label":"unnamed-chunk-9","document_id":"9220116D","expansion_state":0,"options":{"engine":"r","label":"unnamed-chunk-229"},"row":41,"row_count":1,"visible":true},{"chunk_id":"cjsx2t5x2tw31","chunk_label":"unnamed-chunk-10","document_id":"9220116D","expansion_state":0,"options":{"engine":"r","label":"unnamed-chunk-230"},"row":46,"row_count":1,"visible":true},{"chunk_id":"cli3uufettamn","chunk_label":"unnamed-chunk-11","document_id":"9220116D","expansion_state":0,"options":{"engine":"r","label":"unnamed-chunk-231"},"row":50,"row_count":1,"visible":true},{"chunk_id":"cais1h82bbnfp","chunk_label":"unnamed-chunk-12","document_id":"9220116D","expansion_state":0,"options":{"engine":"r","label":"unnamed-chunk-232"},"row":54,"row_count":1,"visible":true},{"chunk_id":"czcfn4oe4c1vg","chunk_label":"unnamed-chunk-13","document_id":"9220116D","expansion_state":0,"options":{"engine":"r","label":"unnamed-chunk-233"},"row":58,"row_count":1,"visible":true},{"chunk_id":"c0ak36af4o8io","chunk_label":"unnamed-chunk-14","document_id":"9220116D","expansion_state":0,"options":{"engine":"r","label":"unnamed-chunk-234"},"row":62,"row_count":1,"visible":true},{"chunk_id":"cov7kyz7y03rn","chunk_label":"unnamed-chunk-15","document_id":"9220116D","expansion_state":0,"options":{"engine":"r","label":"unnamed-chunk-235"},"row":66,"row_count":1,"visible":true},{"chunk_id":"cw04rjlggpqq2","chunk_label":"unnamed-chunk-16","document_id":"9220116D","expansion_state":0,"options":{"engine":"r","label":"unnamed-chunk-236"},"row":70,"row_count":1,"visible":true},{"chunk_id":"cmrqn7ud0w4bq","chunk_label":"unnamed-chunk-17","document_id":"9220116D","expansion_state":0,"options":{"engine":"r","label":"unnamed-chunk-237"},"row":74,"row_count":1,"visible":true},{"chunk_id":"c7q4qal57sl7i","chunk_label":"unnamed-chunk-18","document_id":"9220116D","expansion_state":0,"options":{"engine":"r","label":"unnamed-chunk-238"},"row":78,"row_count":1,"visible":true},{"chunk_id":"crvlqc8tiqfq3","chunk_label":"unnamed-chunk-19","document_id":"9220116D","expansion_state":0,"options":{"engine":"r","label":"unnamed-chunk-239"},"row":82,"row_count":1,"visible":true},{"chunk_id":"cdjy27uyyukgg","chunk_label":"unnamed-chunk-20","document_id":"9220116D","expansion_state":0,"options":{"engine":"r","label":"unnamed-chunk-240"},"row":86,"row_count":1,"visible":true},{"chunk_id":"cm0qvxsi5sp9q","chunk_label":"unnamed-chunk-21","document_id":"9220116D","expansion_state":0,"options":{"engine":"r","label":"unnamed-chunk-241"},"row":90,"row_count":1,"visible":true},{"chunk_id":"cv2z9ruo0fxls","chunk_label":"unnamed-chunk-22","document_id":"9220116D","expansion_state":0,"options":{"engine":"r","label":"unnamed-chunk-242"},"row":94,"row_count":1,"visible":true},{"chunk_id":"cuo4xpjypzufx","chunk_label":"unnamed-chunk-23","document_id":"9220116D","expansion_state":0,"options":{"engine":"r","label":"unnamed-chunk-243"},"row":98,"row_count":1,"visible":true},{"chunk_id":"c2runaghypzbg","chunk_label":"unnamed-chunk-24","document_id":"9220116D","expansion_state":0,"options":{"engine":"r","label":"unnamed-chunk-244"},"row":102,"row_count":1,"visible":true},{"chunk_id":"cs8r65g43qbll","chunk_label":"unnamed-chunk-25","document_id":"9220116D","expansion_state":0,"options":{"engine":"r","label":"unnamed-chunk-245"},"row":106,"row_count":1,"visible":true},{"chunk_id":"c5zdskaqvex0t","chunk_label":"unnamed-chunk-26","document_id":"9220116D","expansion_state":0,"options":{"engine":"r","label":"unnamed-chunk-246"},"row":110,"row_count":1,"visible":true},{"chunk_id":"cocuy8pkay0to","chunk_label":"unnamed-chunk-27","document_id":"9220116D","expansion_state":0,"options":{"engine":"r","label":"unnamed-chunk-247"},"row":114,"row_count":1,"visible":true},{"chunk_id":"c9atqtdksheyp","chunk_label":"unnamed-chunk-28","document_id":"9220116D","expansion_state":0,"options":{"engine":"r","label":"unnamed-chunk-248"},"row":118,"row_count":1,"visible":true},{"chunk_id":"c5bep6emy1kxy","chunk_label":"unnamed-chunk-29","document_id":"9220116D","expansion_state":0,"options":{"engine":"r","label":"unnamed-chunk-249"},"row":125,"row_count":1,"visible":true},{"chunk_id":"ca6ki4w2iia59","chunk_label":"unnamed-chunk-30","document_id":"9220116D","expansion_state":0,"options":{"engine":"r","label":"unnamed-chunk-250"},"row":130,"row_count":1,"visible":true},{"chunk_id":"cxu9ij37ie53d","chunk_label":"unnamed-chunk-31","document_id":"9220116D","expansion_state":0,"options":{"engine":"r","label":"unnamed-chunk-251"},"row":136,"row_count":1,"visible":true},{"chunk_id":"cge1opk338xnh","chunk_label":"unnamed-chunk-32","document_id":"9220116D","expansion_state":0,"options":{"engine":"r","label":"unnamed-chunk-252"},"row":141,"row_count":1,"visible":true},{"chunk_id":"cu5fn58cbrd6t","chunk_label":"unnamed-chunk-33","document_id":"9220116D","expansion_state":0,"options":{"engine":"r","label":"unnamed-chunk-253"},"row":146,"row_count":1,"visible":true},{"chunk_id":"cjy23p9l44e16","chunk_label":"unnamed-chunk-34","document_id":"9220116D","expansion_state":0,"options":{"engine":"r","label":"unnamed-chunk-254"},"row":151,"row_count":1,"visible":true},{"chunk_id":"c2ceo55ipfhsv","chunk_label":"unnamed-chunk-35","document_id":"9220116D","expansion_state":0,"options":{"engine":"r","label":"unnamed-chunk-255"},"row":156,"row_count":1,"visible":true},{"chunk_id":"cltdskr9p954m","chunk_label":"unnamed-chunk-36","document_id":"9220116D","expansion_state":0,"options":{"engine":"r","label":"unnamed-chunk-256"},"row":161,"row_count":1,"visible":true},{"chunk_id":"cz6hc6zrvlpl9","chunk_label":"unnamed-chunk-37","document_id":"9220116D","expansion_state":0,"options":{"engine":"r","label":"unnamed-chunk-257"},"row":166,"row_count":1,"visible":true},{"chunk_id":"ckwjh7z2n280k","chunk_label":"unnamed-chunk-38","document_id":"9220116D","expansion_state":0,"options":{"engine":"r","label":"unnamed-chunk-258"},"row":171,"row_count":1,"visible":true},{"chunk_id":"clsddjjgtcg9f","chunk_label":"unnamed-chunk-39","document_id":"9220116D","expansion_state":0,"options":{"engine":"r","label":"unnamed-chunk-259"},"row":176,"row_count":1,"visible":true},{"chunk_id":"cf2618sbejju7","chunk_label":"unnamed-chunk-40","document_id":"9220116D","expansion_state":0,"options":{"engine":"r","label":"unnamed-chunk-260"},"row":180,"row_count":1,"visible":true},{"chunk_id":"cwbgwzaqxku83","chunk_label":"unnamed-chunk-41","document_id":"9220116D","expansion_state":0,"options":{"engine":"r","label":"unnamed-chunk-261"},"row":184,"row_count":1,"visible":true},{"chunk_id":"cbfuzg1kewa2m","chunk_label":"unnamed-chunk-42","document_id":"9220116D","expansion_state":0,"options":{"engine":"r","label":"unnamed-chunk-262"},"row":188,"row_count":1,"visible":true},{"chunk_id":"cydwh3clqjhw8","chunk_label":"unnamed-chunk-43","document_id":"9220116D","expansion_state":0,"options":{"engine":"r","label":"unnamed-chunk-263"},"row":192,"row_count":1,"visible":true},{"chunk_id":"c2773tipwdkg1","chunk_label":"unnamed-chunk-44","document_id":"9220116D","expansion_state":0,"options":{"engine":"r","label":"unnamed-chunk-264"},"row":196,"row_count":1,"visible":true},{"chunk_id":"cr83mb7auwsj4","chunk_label":"unnamed-chunk-45","document_id":"9220116D","expansion_state":0,"options":{"engine":"r","label":"unnamed-chunk-265"},"row":200,"row_count":1,"visible":true},{"chunk_id":"cxildauxgnshl","chunk_label":"unnamed-chunk-46","document_id":"9220116D","expansion_state":0,"options":{"engine":"r","label":"unnamed-chunk-266"},"row":205,"row_count":1,"visible":true},{"chunk_id":"c49uwcwqd9ljv","chunk_label":"unnamed-chunk-47","document_id":"9220116D","expansion_state":0,"options":{"engine":"r","label":"unnamed-chunk-267"},"row":210,"row_count":1,"visible":true},{"chunk_id":"cvd2tkbygnmhy","chunk_label":"unnamed-chunk-48","document_id":"9220116D","expansion_state":0,"options":{"engine":"r","label":"unnamed-chunk-268"},"row":214,"row_count":1,"visible":true},{"chunk_id":"cz3rngkilsk9w","chunk_label":"unnamed-chunk-49","document_id":"9220116D","expansion_state":0,"options":{"engine":"r","label":"unnamed-chunk-269"},"row":218,"row_count":1,"visible":true},{"chunk_id":"c7al56oe8ggnv","chunk_label":"unnamed-chunk-50","document_id":"9220116D","expansion_state":0,"options":{"engine":"r","label":"unnamed-chunk-270"},"row":222,"row_count":1,"visible":true},{"chunk_id":"cbxzqrd55tpkg","chunk_label":"unnamed-chunk-51","document_id":"9220116D","expansion_state":0,"options":{"engine":"r","label":"unnamed-chunk-271"},"row":226,"row_count":1,"visible":true},{"chunk_id":"coh634wutg52j","chunk_label":"unnamed-chunk-52","document_id":"9220116D","expansion_state":0,"options":{"engine":"r","label":"unnamed-chunk-272"},"row":230,"row_count":1,"visible":true},{"chunk_id":"clk96n5ds8ys3","chunk_label":"unnamed-chunk-53","document_id":"9220116D","expansion_state":0,"options":{"engine":"r","label":"unnamed-chunk-273"},"row":234,"row_count":1,"visible":true},{"chunk_id":"c7jfmqv1fr5q8","chunk_label":"unnamed-chunk-54","document_id":"9220116D","expansion_state":0,"options":{"engine":"r","label":"unnamed-chunk-274"},"row":238,"row_count":1,"visible":true},{"chunk_id":"cg0jgzijw2x6l","chunk_label":"unnamed-chunk-55","document_id":"9220116D","expansion_state":0,"options":{"engine":"r","label":"unnamed-chunk-275"},"row":242,"row_count":1,"visible":true},{"chunk_id":"c74a4kejmwmt6","chunk_label":"unnamed-chunk-56","document_id":"9220116D","expansion_state":0,"options":{"engine":"r","label":"unnamed-chunk-276"},"row":246,"row_count":1,"visible":true},{"chunk_id":"canbgrwku94eb","chunk_label":"unnamed-chunk-57","document_id":"9220116D","expansion_state":0,"options":{"engine":"r","label":"unnamed-chunk-277"},"row":250,"row_count":1,"visible":true},{"chunk_id":"cijkdc8ntyafe","chunk_label":"unnamed-chunk-58","document_id":"9220116D","expansion_state":0,"options":{"engine":"r","label":"unnamed-chunk-278"},"row":254,"row_count":1,"visible":true},{"chunk_id":"c3e3rfv7y0vim","chunk_label":"unnamed-chunk-59","document_id":"9220116D","expansion_state":0,"options":{"engine":"r","label":"unnamed-chunk-279"},"row":258,"row_count":1,"visible":true},{"chunk_id":"caw88lrz4gkhy","chunk_label":"unnamed-chunk-60","document_id":"9220116D","expansion_state":0,"options":{"engine":"r","label":"unnamed-chunk-280"},"row":262,"row_count":1,"visible":true},{"chunk_id":"cdi909lbx9zcj","chunk_label":"unnamed-chunk-61","document_id":"9220116D","expansion_state":0,"options":{"engine":"r","label":"unnamed-chunk-281"},"row":283,"row_count":1,"visible":true},{"chunk_id":"cqwazwm3kdtx2","chunk_label":"unnamed-chunk-62","document_id":"9220116D","expansion_state":0,"options":{"engine":"r","label":"unnamed-chunk-282"},"row":287,"row_count":1,"visible":true},{"chunk_id":"cm61t8dne079c","chunk_label":"unnamed-chunk-63","document_id":"9220116D","expansion_state":0,"options":{"engine":"r","label":"unnamed-chunk-283"},"row":291,"row_count":1,"visible":true},{"chunk_id":"cps6jlh7gtrd6","chunk_label":"unnamed-chunk-64","document_id":"9220116D","expansion_state":0,"options":{"engine":"r","label":"unnamed-chunk-284"},"row":296,"row_count":1,"visible":true},{"chunk_id":"c0ebc27pq7czh","chunk_label":"unnamed-chunk-65","document_id":"9220116D","expansion_state":0,"options":{"engine":"r","label":"unnamed-chunk-285"},"row":303,"row_count":1,"visible":true},{"chunk_id":"cglfgykuds3we","chunk_label":"unnamed-chunk-66","document_id":"9220116D","expansion_state":0,"options":{"engine":"r","label":"unnamed-chunk-286"},"row":307,"row_count":1,"visible":true},{"chunk_id":"cpny4jpq4xtbj","chunk_label":"unnamed-chunk-67","document_id":"9220116D","expansion_state":0,"options":{"engine":"r","label":"unnamed-chunk-287"},"row":311,"row_count":1,"visible":true}],"doc_write_time":1585140766}