"0","relrisk = function(szereg){"
"0","  "
"0","  "
"0","   ludnosc<- c(2865000, 2060000, 2148000, 1004000, 2466000, 3349000, 5385000, 948808, 2129000, 1193000, 2295000, 4501000, 1263000, 1408000, 3466000, 1679000 )"
"0","   "
"0","    sumaj<-c()"
"0","    "
"0","    for(i in 1:ncol(szereg)){"
"0","    sumaj[i]<-sum(szereg[,i])"
"0","    }"
"0","    "
"0","    sumak<-c(sumaj[1])"
"0","    "
"0","   for(i in 2:ncol(szereg)){"
"0","    sumak[i]<-sumak[i-1]+sumaj[i]"
"0","   }"
"0","    "
"0","    ratio<-c()"
"0","    "
"0","    for(i in 1:ncol(szereg)){"
"0","    ratio[i]<-sumak[i]/sum(ludnosc)"
"0","    }"
"0","    "
"0","    oczek<-data.frame(matrix(ncol=ncol(szereg), nrow=0))"
"0","    colnames(oczek) <- colnames(szereg)"
"0",""
"0",""
"0","    for(i in 1:16){"
"0","      for(j in 1:ncol(szereg)){"
"0","        oczek[i,j]<-ludnosc[i]*ratio[j]"
"0","    }"
"0","    }"
"0","    "
"0","   sumw<-data.frame(matrix(ncol=ncol(szereg), nrow=0))"
"0","   colnames(sumw) <- colnames(szereg)"
"0",""
"0","   for(i in 1:16){"
"0","        sumw[i,1]<-szereg[i,1]"
"0","    }"
"0","   "
"0","   for(i in 1:16){"
"0","      for(j in 2:ncol(szereg)){"
"0","        sumw[i,j]<-sumw[i,j-1]+szereg[i,j]"
"0","    }"
"0","   }"
"0","  "
"0","  ebayes<-data.frame(matrix(ncol=ncol(szereg), nrow=16))"
"0","  colnames(ebayes) <- colnames(szereg)"
"0","  "
"0","  for (i in 1:ncol(szereg)){"
"0","    pom<-EBest(sumw[,i], oczek[,i])"
"0","    ebayes[i]<-pom[,2]"
"0","  }"
"0"," "
"0",""
"0","  SMR<-sumw/oczek"
"0","  return(SMR)"
"0","}"
