{"chunk_definitions":[{"chunk_id":"cazx7eg0ccsnu","chunk_label":"unnamed-chunk-1","document_id":"9220116D","expansion_state":0,"options":{"engine":"r","label":"unnamed-chunk-231"},"row":9,"row_count":1,"visible":true},{"chunk_id":"cbx0ze8kmumiw","chunk_label":"unnamed-chunk-2","document_id":"9220116D","expansion_state":0,"options":{"engine":"r","label":"unnamed-chunk-1"},"row":14,"row_count":1,"visible":true},{"chunk_id":"ca7vk44uhsp2g","chunk_label":"unnamed-chunk-3","document_id":"9220116D","expansion_state":0,"options":{"engine":"r","label":"unnamed-chunk-2"},"row":17,"row_count":1,"visible":true},{"chunk_id":"cw6o0sldejw56","chunk_label":"unnamed-chunk-4","document_id":"9220116D","expansion_state":0,"options":{"engine":"r","label":"unnamed-chunk-3"},"row":21,"row_count":1,"visible":true},{"chunk_id":"cbd42c31a7wms","chunk_label":"unnamed-chunk-5","document_id":"9220116D","expansion_state":0,"options":{"engine":"r","label":"unnamed-chunk-4"},"row":25,"row_count":1,"visible":true},{"chunk_id":"cc4a8qs4tp5ky","chunk_label":"unnamed-chunk-6","document_id":"9220116D","expansion_state":0,"options":{"engine":"r","label":"unnamed-chunk-5"},"row":29,"row_count":1,"visible":true},{"chunk_id":"clvqhd8e8citd","chunk_label":"unnamed-chunk-7","document_id":"9220116D","expansion_state":0,"options":{"engine":"r","label":"unnamed-chunk-6"},"row":33,"row_count":1,"visible":true},{"chunk_id":"c4j0nfm68e769","chunk_label":"unnamed-chunk-8","document_id":"9220116D","expansion_state":0,"options":{"engine":"r","label":"unnamed-chunk-7"},"row":37,"row_count":1,"visible":true},{"chunk_id":"cnok8c3qqm3ou","chunk_label":"unnamed-chunk-9","document_id":"9220116D","expansion_state":0,"options":{"engine":"r","label":"unnamed-chunk-8"},"row":41,"row_count":1,"visible":true},{"chunk_id":"cukecnc0v19iy","chunk_label":"unnamed-chunk-10","document_id":"9220116D","expansion_state":0,"options":{"engine":"r","label":"unnamed-chunk-9"},"row":45,"row_count":1,"visible":true},{"chunk_id":"cbpozy9o65hr0","chunk_label":"unnamed-chunk-11","document_id":"9220116D","expansion_state":0,"options":{"engine":"r","label":"unnamed-chunk-10"},"row":50,"row_count":1,"visible":true},{"chunk_id":"c3uh70gzcub1w","chunk_label":"unnamed-chunk-12","document_id":"9220116D","expansion_state":0,"options":{"engine":"r","label":"unnamed-chunk-11"},"row":54,"row_count":1,"visible":true},{"chunk_id":"cilbn4j397lsc","chunk_label":"unnamed-chunk-13","document_id":"9220116D","expansion_state":0,"options":{"engine":"r","label":"unnamed-chunk-12"},"row":58,"row_count":1,"visible":true},{"chunk_id":"cdq6xx4wd8i0c","chunk_label":"unnamed-chunk-14","document_id":"9220116D","expansion_state":0,"options":{"engine":"r","label":"unnamed-chunk-13"},"row":62,"row_count":1,"visible":true},{"chunk_id":"c1mjeb0ex826o","chunk_label":"unnamed-chunk-15","document_id":"9220116D","expansion_state":0,"options":{"engine":"r","label":"unnamed-chunk-14"},"row":66,"row_count":1,"visible":true},{"chunk_id":"cnwqfp7i5p4to","chunk_label":"unnamed-chunk-16","document_id":"9220116D","expansion_state":0,"options":{"engine":"r","label":"unnamed-chunk-15"},"row":70,"row_count":1,"visible":true},{"chunk_id":"c2i9fm9n89sqe","chunk_label":"unnamed-chunk-17","document_id":"9220116D","expansion_state":0,"options":{"engine":"r","label":"unnamed-chunk-16"},"row":74,"row_count":1,"visible":true},{"chunk_id":"cvpm2py4uufcm","chunk_label":"unnamed-chunk-18","document_id":"9220116D","expansion_state":0,"options":{"engine":"r","label":"unnamed-chunk-17"},"row":78,"row_count":1,"visible":true},{"chunk_id":"c56q0jncf5i35","chunk_label":"unnamed-chunk-19","document_id":"9220116D","expansion_state":0,"options":{"engine":"r","label":"unnamed-chunk-18"},"row":82,"row_count":1,"visible":true},{"chunk_id":"cjdsepimpwunp","chunk_label":"unnamed-chunk-20","document_id":"9220116D","expansion_state":0,"options":{"engine":"r","label":"unnamed-chunk-19"},"row":86,"row_count":1,"visible":true},{"chunk_id":"ca5d5o1rbozle","chunk_label":"unnamed-chunk-21","document_id":"9220116D","expansion_state":0,"options":{"engine":"r","label":"unnamed-chunk-20"},"row":90,"row_count":1,"visible":true},{"chunk_id":"cabjjgh498w44","chunk_label":"unnamed-chunk-22","document_id":"9220116D","expansion_state":0,"options":{"engine":"r","label":"unnamed-chunk-21"},"row":94,"row_count":1,"visible":true},{"chunk_id":"cw37w4w0tfklv","chunk_label":"unnamed-chunk-23","document_id":"9220116D","expansion_state":0,"options":{"engine":"r","label":"unnamed-chunk-22"},"row":98,"row_count":1,"visible":true},{"chunk_id":"cnm2uy81xduju","chunk_label":"unnamed-chunk-24","document_id":"9220116D","expansion_state":0,"options":{"engine":"r","label":"unnamed-chunk-23"},"row":102,"row_count":1,"visible":true},{"chunk_id":"c6oy8a899390y","chunk_label":"unnamed-chunk-25","document_id":"9220116D","expansion_state":0,"options":{"engine":"r","label":"unnamed-chunk-24"},"row":106,"row_count":1,"visible":true},{"chunk_id":"cpeum17sirfra","chunk_label":"unnamed-chunk-26","document_id":"9220116D","expansion_state":0,"options":{"engine":"r","label":"unnamed-chunk-25"},"row":110,"row_count":1,"visible":true},{"chunk_id":"cqkb1x8vp2cq9","chunk_label":"unnamed-chunk-27","document_id":"9220116D","expansion_state":0,"options":{"engine":"r","label":"unnamed-chunk-26"},"row":114,"row_count":1,"visible":true},{"chunk_id":"cjxsw1iwjlw93","chunk_label":"unnamed-chunk-28","document_id":"9220116D","expansion_state":0,"options":{"engine":"r","label":"unnamed-chunk-27"},"row":118,"row_count":1,"visible":true},{"chunk_id":"cmpuha7ecwr4r","chunk_label":"unnamed-chunk-29","document_id":"9220116D","expansion_state":0,"options":{"engine":"r","label":"unnamed-chunk-28"},"row":122,"row_count":1,"visible":true},{"chunk_id":"ckgt91r7n7n7p","chunk_label":"unnamed-chunk-30","document_id":"9220116D","expansion_state":0,"options":{"engine":"r","label":"unnamed-chunk-29"},"row":129,"row_count":1,"visible":true},{"chunk_id":"chfptfa2dx0by","chunk_label":"unnamed-chunk-31","document_id":"9220116D","expansion_state":0,"options":{"engine":"r","label":"unnamed-chunk-30"},"row":134,"row_count":1,"visible":true},{"chunk_id":"c4rgu62bayiao","chunk_label":"unnamed-chunk-32","document_id":"9220116D","expansion_state":0,"options":{"engine":"r","label":"unnamed-chunk-37"},"row":140,"row_count":1,"visible":true},{"chunk_id":"c28rzm47shzkr","chunk_label":"unnamed-chunk-33","document_id":"9220116D","expansion_state":0,"options":{"engine":"r","label":"unnamed-chunk-35"},"row":145,"row_count":1,"visible":true},{"chunk_id":"czp29brbxq066","chunk_label":"unnamed-chunk-34","document_id":"9220116D","expansion_state":0,"options":{"engine":"r","label":"unnamed-chunk-38"},"row":150,"row_count":1,"visible":true},{"chunk_id":"cm149otxowqcb","chunk_label":"unnamed-chunk-35","document_id":"9220116D","expansion_state":0,"options":{"engine":"r","label":"unnamed-chunk-39"},"row":155,"row_count":1,"visible":true},{"chunk_id":"cwbudzlh9jejz","chunk_label":"unnamed-chunk-36","document_id":"9220116D","expansion_state":0,"options":{"engine":"r","label":"unnamed-chunk-40"},"row":160,"row_count":1,"visible":true},{"chunk_id":"cvd9hosnxailc","chunk_label":"unnamed-chunk-37","document_id":"9220116D","expansion_state":0,"options":{"engine":"r","label":"unnamed-chunk-41"},"row":165,"row_count":1,"visible":true},{"chunk_id":"c0wn7xk5g9hyl","chunk_label":"unnamed-chunk-38","document_id":"9220116D","expansion_state":0,"options":{"engine":"r","label":"unnamed-chunk-42"},"row":170,"row_count":1,"visible":true},{"chunk_id":"cao27k8i4izpu","chunk_label":"unnamed-chunk-39","document_id":"9220116D","expansion_state":0,"options":{"engine":"r","label":"unnamed-chunk-43"},"row":175,"row_count":1,"visible":true},{"chunk_id":"cbp6i1vecoqsk","chunk_label":"unnamed-chunk-40","document_id":"9220116D","expansion_state":0,"options":{"engine":"r","label":"unnamed-chunk-44"},"row":180,"row_count":1,"visible":true},{"chunk_id":"crp5c1b0z6epz","chunk_label":"unnamed-chunk-41","document_id":"9220116D","expansion_state":0,"options":{"engine":"r","label":"unnamed-chunk-45"},"row":184,"row_count":1,"visible":true},{"chunk_id":"cugef0umpv9i4","chunk_label":"unnamed-chunk-42","document_id":"9220116D","expansion_state":0,"options":{"engine":"r","label":"unnamed-chunk-46"},"row":188,"row_count":1,"visible":true},{"chunk_id":"cf3yzzbw1uzdh","chunk_label":"unnamed-chunk-43","document_id":"9220116D","expansion_state":0,"options":{"engine":"r","label":"unnamed-chunk-47"},"row":192,"row_count":1,"visible":true},{"chunk_id":"cq1wf9idl0ra9","chunk_label":"unnamed-chunk-44","document_id":"9220116D","expansion_state":0,"options":{"engine":"r","label":"unnamed-chunk-48"},"row":196,"row_count":1,"visible":true},{"chunk_id":"c1owj9qr0fajo","chunk_label":"unnamed-chunk-45","document_id":"9220116D","expansion_state":0,"options":{"engine":"r","label":"unnamed-chunk-49"},"row":200,"row_count":1,"visible":true},{"chunk_id":"cuamfduggopc9","chunk_label":"unnamed-chunk-46","document_id":"9220116D","expansion_state":0,"options":{"engine":"r","label":"unnamed-chunk-50"},"row":204,"row_count":1,"visible":true},{"chunk_id":"ckkp5a1gjb2kr","chunk_label":"unnamed-chunk-47","document_id":"9220116D","expansion_state":0,"options":{"engine":"r","label":"unnamed-chunk-51"},"row":209,"row_count":1,"visible":true},{"chunk_id":"ctr8pfwbd9ejc","chunk_label":"unnamed-chunk-48","document_id":"9220116D","expansion_state":0,"options":{"engine":"r","label":"unnamed-chunk-52"},"row":214,"row_count":1,"visible":true},{"chunk_id":"c96hie6pyc6fn","chunk_label":"unnamed-chunk-49","document_id":"9220116D","expansion_state":0,"options":{"engine":"r","label":"unnamed-chunk-53"},"row":218,"row_count":1,"visible":true},{"chunk_id":"c6ybfaolr4ba1","chunk_label":"unnamed-chunk-50","document_id":"9220116D","expansion_state":0,"options":{"engine":"r","label":"unnamed-chunk-54"},"row":222,"row_count":1,"visible":true},{"chunk_id":"c3emt2btyy5z9","chunk_label":"unnamed-chunk-51","document_id":"9220116D","expansion_state":0,"options":{"engine":"r","label":"unnamed-chunk-55"},"row":226,"row_count":1,"visible":true},{"chunk_id":"cg5kq9ixyyoyf","chunk_label":"unnamed-chunk-52","document_id":"9220116D","expansion_state":0,"options":{"engine":"r","label":"unnamed-chunk-56"},"row":230,"row_count":1,"visible":true},{"chunk_id":"clm692yz9yrxk","chunk_label":"unnamed-chunk-53","document_id":"9220116D","expansion_state":0,"options":{"engine":"r","label":"unnamed-chunk-57"},"row":234,"row_count":1,"visible":true},{"chunk_id":"ckv5s8015elg5","chunk_label":"unnamed-chunk-54","document_id":"9220116D","expansion_state":0,"options":{"engine":"r","label":"unnamed-chunk-58"},"row":238,"row_count":1,"visible":true},{"chunk_id":"cbbj24arfhc5t","chunk_label":"unnamed-chunk-55","document_id":"9220116D","expansion_state":0,"options":{"engine":"r","label":"unnamed-chunk-59"},"row":242,"row_count":1,"visible":true},{"chunk_id":"cleu1b6h296pu","chunk_label":"unnamed-chunk-56","document_id":"9220116D","expansion_state":0,"options":{"engine":"r","label":"unnamed-chunk-60"},"row":248,"row_count":1,"visible":true},{"chunk_id":"cyb21s692g7n2","chunk_label":"unnamed-chunk-57","document_id":"9220116D","expansion_state":0,"options":{"engine":"r","label":"unnamed-chunk-61"},"row":256,"row_count":1,"visible":true},{"chunk_id":"cwaxlx37v929j","chunk_label":"unnamed-chunk-58","document_id":"9220116D","expansion_state":0,"options":{"engine":"r","label":"unnamed-chunk-62"},"row":260,"row_count":1,"visible":true},{"chunk_id":"c13pzmh39cvaw","chunk_label":"unnamed-chunk-59","document_id":"9220116D","expansion_state":0,"options":{"engine":"r","label":"unnamed-chunk-63"},"row":264,"row_count":1,"visible":true},{"chunk_id":"clblg6dvkt886","chunk_label":"unnamed-chunk-60","document_id":"9220116D","expansion_state":0,"options":{"engine":"r","label":"unnamed-chunk-64"},"row":268,"row_count":1,"visible":true},{"chunk_id":"cepncwyqmeogc","chunk_label":"unnamed-chunk-61","document_id":"9220116D","expansion_state":0,"options":{"engine":"r","label":"unnamed-chunk-65"},"row":272,"row_count":1,"visible":true},{"chunk_id":"cboft0htgsyvy","chunk_label":"unnamed-chunk-62","document_id":"9220116D","expansion_state":0,"options":{"engine":"r","label":"unnamed-chunk-66"},"row":276,"row_count":1,"visible":true},{"chunk_id":"cb13l6sllqfv0","chunk_label":"unnamed-chunk-63","document_id":"9220116D","expansion_state":0,"options":{"engine":"r","label":"unnamed-chunk-67"},"row":297,"row_count":1,"visible":true},{"chunk_id":"cnah861k8jpld","chunk_label":"unnamed-chunk-64","document_id":"9220116D","expansion_state":0,"options":{"engine":"r","label":"unnamed-chunk-68"},"row":301,"row_count":1,"visible":true},{"chunk_id":"cd9rpap7chh24","chunk_label":"unnamed-chunk-65","document_id":"9220116D","expansion_state":0,"options":{"engine":"r","label":"unnamed-chunk-69"},"row":305,"row_count":1,"visible":true},{"chunk_id":"c8pdbzqvsu9gs","chunk_label":"unnamed-chunk-66","document_id":"9220116D","expansion_state":0,"options":{"engine":"r","label":"unnamed-chunk-70"},"row":310,"row_count":1,"visible":true},{"chunk_id":"cvxqed6pjsdip","chunk_label":"unnamed-chunk-67","document_id":"9220116D","expansion_state":0,"options":{"engine":"r","label":"unnamed-chunk-71"},"row":317,"row_count":1,"visible":true},{"chunk_id":"c275zuoqihx3f","chunk_label":"unnamed-chunk-68","document_id":"9220116D","expansion_state":0,"options":{"engine":"r","label":"unnamed-chunk-74"},"row":322,"row_count":1,"visible":true},{"chunk_id":"c5ht0ujbm7sni","chunk_label":"unnamed-chunk-69","document_id":"9220116D","expansion_state":0,"options":{"engine":"r","label":"unnamed-chunk-73"},"row":326,"row_count":1,"visible":true},{"chunk_id":"c8i0qeoaulh6k","chunk_label":"unnamed-chunk-70","document_id":"9220116D","expansion_state":0,"options":{"engine":"r","label":"unnamed-chunk-301"},"row":331,"row_count":1,"visible":true},{"chunk_id":"chlc9p8xosz7g","chunk_label":"unnamed-chunk-71","document_id":"9220116D","expansion_state":0,"options":{"engine":"r","label":"unnamed-chunk-304"},"row":382,"row_count":1,"visible":true},{"chunk_id":"c3w7d0yz7ubm5","chunk_label":"unnamed-chunk-72","document_id":"9220116D","expansion_state":0,"options":{"engine":"r","label":"unnamed-chunk-305"},"row":393,"row_count":1,"visible":true},{"chunk_id":"ceacorg7cp8y1","chunk_label":"unnamed-chunk-73","document_id":"9220116D","expansion_state":0,"options":{"engine":"r","label":"unnamed-chunk-306"},"row":398,"row_count":1,"visible":true},{"chunk_id":"cw48sdp2rvn2n","chunk_label":"unnamed-chunk-74","document_id":"9220116D","expansion_state":0,"options":{"engine":"r","label":"unnamed-chunk-307"},"row":402,"row_count":1,"visible":true},{"chunk_id":"cf6sourxxoqjo","chunk_label":"unnamed-chunk-75","document_id":"9220116D","expansion_state":0,"options":{"engine":"r","label":"unnamed-chunk-308"},"row":408,"row_count":1,"visible":true},{"chunk_id":"cxy2sr5js4p3j","chunk_label":"unnamed-chunk-76","document_id":"9220116D","expansion_state":0,"options":{"engine":"r","label":"unnamed-chunk-310"},"row":412,"row_count":1,"visible":true},{"chunk_id":"cm7k68meld594","chunk_label":"unnamed-chunk-77","document_id":"9220116D","expansion_state":0,"options":{"engine":"r","label":"unnamed-chunk-314"},"row":419,"row_count":1,"visible":true},{"chunk_id":"cfvs0s36gzkx9","chunk_label":"unnamed-chunk-78","document_id":"9220116D","expansion_state":0,"options":{"engine":"r","label":"unnamed-chunk-312"},"row":424,"row_count":1,"visible":true}],"chunk_rendered_width":700,"doc_write_time":1585926875}