{"chunk_definitions":[{"chunk_id":"ckain35ciet6j","chunk_label":"unnamed-chunk-77","document_id":"C1A4246","expansion_state":0,"options":{"engine":"r","label":"unnamed-chunk-68"},"row":367,"row_count":1,"visible":true},{"chunk_id":"cdf3octr396rt","chunk_label":"unnamed-chunk-78","document_id":"C1A4246","expansion_state":0,"options":{"engine":"r","label":"unnamed-chunk-69"},"row":419,"row_count":1,"visible":true},{"chunk_id":"cblrbaxduy7b7","chunk_label":"unnamed-chunk-79","document_id":"C1A4246","expansion_state":0,"options":{"engine":"r","label":"unnamed-chunk-70"},"row":423,"row_count":1,"visible":true},{"chunk_id":"caedpaotq6hn7","chunk_label":"unnamed-chunk-80","document_id":"C1A4246","expansion_state":0,"options":{"engine":"r","label":"unnamed-chunk-71"},"row":428,"row_count":1,"visible":true},{"chunk_id":"c5k10qy7dpcnq","chunk_label":"unnamed-chunk-81","document_id":"C1A4246","expansion_state":0,"options":{"engine":"r","label":"unnamed-chunk-72"},"row":432,"row_count":1,"visible":true},{"chunk_id":"c5sfa5mzx8i5z","chunk_label":"unnamed-chunk-82","document_id":"C1A4246","expansion_state":0,"options":{"engine":"r","label":"unnamed-chunk-73"},"row":439,"row_count":1,"visible":true},{"chunk_id":"cxf7csyty6z88","chunk_label":"unnamed-chunk-83","document_id":"C1A4246","expansion_state":0,"options":{"engine":"r","label":"unnamed-chunk-74"},"row":443,"row_count":1,"visible":true},{"chunk_id":"cbgkeu2n3amyo","chunk_label":"unnamed-chunk-84","document_id":"C1A4246","expansion_state":0,"options":{"engine":"r","label":"unnamed-chunk-75"},"row":447,"row_count":1,"visible":true},{"chunk_id":"cprkk0lfyvs35","chunk_label":"unnamed-chunk-85","document_id":"C1A4246","expansion_state":0,"options":{"engine":"r","label":"unnamed-chunk-76"},"row":455,"row_count":1,"visible":true},{"chunk_id":"ck252g9v4xuyl","chunk_label":"unnamed-chunk-86","document_id":"C1A4246","expansion_state":0,"options":{"engine":"r","label":"unnamed-chunk-77"},"row":464,"row_count":1,"visible":true},{"chunk_id":"coaj0m99m5j0h","chunk_label":"unnamed-chunk-87","document_id":"C1A4246","expansion_state":0,"options":{"engine":"r","label":"unnamed-chunk-79"},"row":468,"row_count":1,"visible":true},{"chunk_id":"ctse8gc3sjggy","chunk_label":"unnamed-chunk-88","document_id":"C1A4246","expansion_state":0,"options":{"engine":"r","label":"unnamed-chunk-80"},"row":474,"row_count":1,"visible":true},{"chunk_id":"c0q3q1vnx66b5","chunk_label":"unnamed-chunk-89","document_id":"C1A4246","expansion_state":0,"options":{"engine":"r","label":"unnamed-chunk-81"},"row":478,"row_count":1,"visible":true},{"chunk_id":"c5zk4y5e4sbii","chunk_label":"unnamed-chunk-90","document_id":"C1A4246","expansion_state":0,"options":{"engine":"r","label":"unnamed-chunk-83"},"row":485,"row_count":1,"visible":true}],"chunk_rendered_width":700,"doc_write_time":1586011554}