{"chunk_definitions":[{"chunk_id":"cia4nzhdpcmu5","chunk_label":"unnamed-chunk-1","document_id":"3CE90D16","expansion_state":0,"options":{"engine":"r","label":"unnamed-chunk-38"},"row":9,"row_count":1,"visible":true},{"chunk_id":"cmerpj3p54w9l","chunk_label":"unnamed-chunk-2","document_id":"3CE90D16","expansion_state":0,"options":{"engine":"r","label":"unnamed-chunk-39"},"row":15,"row_count":1,"visible":true},{"chunk_id":"cnmolfnyen4l2","chunk_label":"unnamed-chunk-3","document_id":"3CE90D16","expansion_state":0,"options":{"engine":"r","label":"unnamed-chunk-40"},"row":20,"row_count":1,"visible":true},{"chunk_id":"cbv1wnd2sspes","chunk_label":"unnamed-chunk-4","document_id":"3CE90D16","expansion_state":0,"options":{"engine":"r","label":"unnamed-chunk-41"},"row":27,"row_count":1,"visible":true},{"chunk_id":"cbeq3bep18qhx","chunk_label":"unnamed-chunk-5","document_id":"3CE90D16","expansion_state":0,"options":{"engine":"r","label":"unnamed-chunk-42"},"row":32,"row_count":1,"visible":true},{"chunk_id":"c0mv18u8xeysh","chunk_label":"unnamed-chunk-6","document_id":"3CE90D16","expansion_state":0,"options":{"engine":"r","label":"unnamed-chunk-43"},"row":36,"row_count":1,"visible":true},{"chunk_id":"cjqvcm0yakj2h","chunk_label":"unnamed-chunk-7","document_id":"3CE90D16","expansion_state":0,"options":{"engine":"r","label":"unnamed-chunk-44"},"row":40,"row_count":1,"visible":true},{"chunk_id":"cqjb9q1cbss5y","chunk_label":"unnamed-chunk-8","document_id":"3CE90D16","expansion_state":0,"options":{"engine":"r","label":"unnamed-chunk-45"},"row":45,"row_count":1,"visible":true},{"chunk_id":"c1z6oa8zz0l8z","chunk_label":"unnamed-chunk-9","document_id":"3CE90D16","expansion_state":0,"options":{"engine":"r","label":"unnamed-chunk-46"},"row":50,"row_count":1,"visible":true},{"chunk_id":"cbl0244temsqw","chunk_label":"unnamed-chunk-10","document_id":"3CE90D16","expansion_state":0,"options":{"engine":"r","label":"unnamed-chunk-47"},"row":54,"row_count":1,"visible":true},{"chunk_id":"c85y1x4jc4uiv","chunk_label":"unnamed-chunk-11","document_id":"3CE90D16","expansion_state":0,"options":{"engine":"r","label":"unnamed-chunk-48"},"row":58,"row_count":1,"visible":true},{"chunk_id":"cewnav8k55n4j","chunk_label":"unnamed-chunk-12","document_id":"3CE90D16","expansion_state":0,"options":{"engine":"r","label":"unnamed-chunk-49"},"row":62,"row_count":1,"visible":true},{"chunk_id":"ckdozgzka1x98","chunk_label":"unnamed-chunk-13","document_id":"3CE90D16","expansion_state":0,"options":{"engine":"r","label":"unnamed-chunk-50"},"row":66,"row_count":1,"visible":true},{"chunk_id":"c6z3gds7g80sm","chunk_label":"unnamed-chunk-14","document_id":"3CE90D16","expansion_state":0,"options":{"engine":"r","label":"unnamed-chunk-51"},"row":70,"row_count":1,"visible":true},{"chunk_id":"cmo0bqntrtxh7","chunk_label":"unnamed-chunk-15","document_id":"3CE90D16","expansion_state":0,"options":{"engine":"r","label":"unnamed-chunk-52"},"row":74,"row_count":1,"visible":true},{"chunk_id":"c6mxrdizizdpu","chunk_label":"unnamed-chunk-16","document_id":"3CE90D16","expansion_state":0,"options":{"engine":"r","label":"unnamed-chunk-53"},"row":78,"row_count":1,"visible":true},{"chunk_id":"cxmzyu89zili9","chunk_label":"unnamed-chunk-17","document_id":"3CE90D16","expansion_state":0,"options":{"engine":"r","label":"unnamed-chunk-54"},"row":83,"row_count":1,"visible":true},{"chunk_id":"cfevt7kquwgho","chunk_label":"unnamed-chunk-18","document_id":"3CE90D16","expansion_state":0,"options":{"engine":"r","label":"unnamed-chunk-55"},"row":88,"row_count":1,"visible":true},{"chunk_id":"c0q072zl456jo","chunk_label":"unnamed-chunk-19","document_id":"3CE90D16","expansion_state":0,"options":{"engine":"r","label":"unnamed-chunk-56"},"row":93,"row_count":1,"visible":true},{"chunk_id":"cgh5y37vnulsk","chunk_label":"unnamed-chunk-20","document_id":"3CE90D16","expansion_state":0,"options":{"engine":"r","label":"unnamed-chunk-57"},"row":97,"row_count":1,"visible":true},{"chunk_id":"chsvz9gr10ft3","chunk_label":"unnamed-chunk-21","document_id":"3CE90D16","expansion_state":0,"options":{"engine":"r","label":"unnamed-chunk-58"},"row":101,"row_count":1,"visible":true},{"chunk_id":"cwffa23kvhapo","chunk_label":"unnamed-chunk-22","document_id":"3CE90D16","expansion_state":0,"options":{"engine":"r","label":"unnamed-chunk-59"},"row":108,"row_count":1,"visible":true},{"chunk_id":"cw5w08nulgn2n","chunk_label":"unnamed-chunk-23","document_id":"3CE90D16","expansion_state":0,"options":{"engine":"r","label":"unnamed-chunk-60"},"row":112,"row_count":1,"visible":true},{"chunk_id":"cyhevt9acm8xh","chunk_label":"unnamed-chunk-24","document_id":"3CE90D16","expansion_state":0,"options":{"engine":"r","label":"unnamed-chunk-61"},"row":116,"row_count":1,"visible":true},{"chunk_id":"cehr1ragpkavt","chunk_label":"unnamed-chunk-25","document_id":"3CE90D16","expansion_state":0,"options":{"engine":"r","label":"unnamed-chunk-62"},"row":120,"row_count":1,"visible":true},{"chunk_id":"cvirztto23174","chunk_label":"unnamed-chunk-26","document_id":"3CE90D16","expansion_state":0,"options":{"engine":"r","label":"unnamed-chunk-63"},"row":128,"row_count":1,"visible":true},{"chunk_id":"cbie1f4ej6f94","chunk_label":"unnamed-chunk-27","document_id":"3CE90D16","expansion_state":0,"options":{"engine":"r","label":"unnamed-chunk-64"},"row":132,"row_count":1,"visible":true},{"chunk_id":"cm4m5nhq5mjs7","chunk_label":"unnamed-chunk-28","document_id":"3CE90D16","expansion_state":0,"options":{"engine":"r","label":"unnamed-chunk-65"},"row":137,"row_count":1,"visible":true},{"chunk_id":"cd13nwh85u420","chunk_label":"unnamed-chunk-29","document_id":"3CE90D16","expansion_state":0,"options":{"engine":"r","label":"unnamed-chunk-66"},"row":142,"row_count":1,"visible":true},{"chunk_id":"ct8f8iqwg9gbq","chunk_label":"unnamed-chunk-30","document_id":"3CE90D16","expansion_state":0,"options":{"engine":"r","label":"unnamed-chunk-68"},"row":146,"row_count":1,"visible":true},{"chunk_id":"cyf7nzmqba7j0","chunk_label":"unnamed-chunk-31","document_id":"3CE90D16","expansion_state":0,"options":{"engine":"r","label":"unnamed-chunk-31"},"row":156,"row_count":1,"visible":true},{"chunk_id":"c3yq0ojrnz5k5","chunk_label":"unnamed-chunk-32","document_id":"3CE90D16","expansion_state":0,"options":{"engine":"r","label":"unnamed-chunk-303"},"row":161,"row_count":1,"visible":true},{"chunk_id":"cln2k2d9ji15m","chunk_label":"unnamed-chunk-33","document_id":"3CE90D16","expansion_state":0,"options":{"engine":"r","label":"unnamed-chunk-304"},"row":166,"row_count":1,"visible":true},{"chunk_id":"cgdky0n0dij7u","chunk_label":"unnamed-chunk-34","document_id":"3CE90D16","expansion_state":0,"options":{"engine":"r","label":"unnamed-chunk-309"},"row":172,"row_count":1,"visible":true},{"chunk_id":"c1h1qctmdp4jr","chunk_label":"unnamed-chunk-35","document_id":"3CE90D16","expansion_state":0,"options":{"engine":"r","label":"unnamed-chunk-67"},"row":185,"row_count":1,"visible":true},{"chunk_id":"cozdp79mpa81l","chunk_label":"unnamed-chunk-36","document_id":"3CE90D16","expansion_state":0,"options":{"engine":"r","label":"unnamed-chunk-68"},"row":190,"row_count":1,"visible":true},{"chunk_id":"cc19qbcu1ui44","chunk_label":"unnamed-chunk-37","document_id":"3CE90D16","expansion_state":0,"options":{"engine":"r","label":"unnamed-chunk-69"},"row":194,"row_count":1,"visible":true},{"chunk_id":"cmw88kmnbg4rt","chunk_label":"unnamed-chunk-38","document_id":"3CE90D16","expansion_state":0,"options":{"engine":"r","label":"unnamed-chunk-78"},"row":198,"row_count":1,"visible":true},{"chunk_id":"c2ibut2jm3br4","chunk_label":"unnamed-chunk-39","document_id":"3CE90D16","expansion_state":0,"options":{"engine":"r","label":"unnamed-chunk-82"},"row":202,"row_count":1,"visible":true},{"chunk_id":"c609d0dx5hv9p","chunk_label":"unnamed-chunk-40","document_id":"3CE90D16","expansion_state":0,"options":{"engine":"r","label":"unnamed-chunk-76"},"row":209,"row_count":1,"visible":true},{"chunk_id":"c3kbqyyv63fjo","chunk_label":"unnamed-chunk-41","document_id":"3CE90D16","expansion_state":0,"options":{"engine":"r","label":"unnamed-chunk-75"},"row":216,"row_count":1,"visible":true},{"chunk_id":"caaetwv9uwz72","chunk_label":"unnamed-chunk-42","document_id":"3CE90D16","expansion_state":0,"options":{"engine":"r","label":"unnamed-chunk-77"},"row":221,"row_count":1,"visible":true},{"chunk_id":"ci2n3tcuf7h8l","chunk_label":"unnamed-chunk-43","document_id":"3CE90D16","expansion_state":0,"options":{},"row":226,"row_count":1,"visible":true},{"chunk_id":"cu5kfsuzcs8o5","chunk_label":"unnamed-chunk-44","document_id":"3CE90D16","expansion_state":0,"options":{"engine":"r","label":"unnamed-chunk-10"},"row":234,"row_count":1,"visible":true},{"chunk_id":"cojh9ksauhktr","chunk_label":"unnamed-chunk-45","document_id":"3CE90D16","expansion_state":0,"options":{},"row":238,"row_count":1,"visible":true},{"chunk_id":"ccooam8xk8ma3","chunk_label":"unnamed-chunk-46","document_id":"3CE90D16","expansion_state":0,"options":{},"row":244,"row_count":1,"visible":true},{"chunk_id":"c99o6valoujt9","chunk_label":"unnamed-chunk-47","document_id":"3CE90D16","expansion_state":0,"options":{},"row":248,"row_count":1,"visible":true}],"doc_write_time":1584962441}