{"chunk_definitions":[{"chunk_id":"cjjfcdu0my2t4","chunk_label":"unnamed-chunk-1","document_id":"9220116D","expansion_state":0,"options":{"engine":"r","label":"unnamed-chunk-770"},"row":10,"row_count":1,"visible":true},{"chunk_id":"cfregnmnss3i2","chunk_label":"unnamed-chunk-2","document_id":"9220116D","expansion_state":0,"options":{"engine":"r","label":"unnamed-chunk-771"},"row":14,"row_count":1,"visible":true},{"chunk_id":"cr54bpjf94nq6","chunk_label":"unnamed-chunk-3","document_id":"9220116D","expansion_state":0,"options":{"engine":"r","label":"unnamed-chunk-772"},"row":18,"row_count":1,"visible":true},{"chunk_id":"cdpklijfj0lpn","chunk_label":"unnamed-chunk-4","document_id":"9220116D","expansion_state":0,"options":{"engine":"r","label":"unnamed-chunk-773"},"row":22,"row_count":1,"visible":true},{"chunk_id":"cdlxur3x9obu6","chunk_label":"unnamed-chunk-5","document_id":"9220116D","expansion_state":0,"options":{"engine":"r","label":"unnamed-chunk-774"},"row":26,"row_count":1,"visible":true},{"chunk_id":"c5t3l9xlcoqzv","chunk_label":"unnamed-chunk-6","document_id":"9220116D","expansion_state":0,"options":{"engine":"r","label":"unnamed-chunk-775"},"row":30,"row_count":1,"visible":true},{"chunk_id":"cp4lumvzibdws","chunk_label":"unnamed-chunk-7","document_id":"9220116D","expansion_state":0,"options":{"engine":"r","label":"unnamed-chunk-776"},"row":35,"row_count":1,"visible":true},{"chunk_id":"c3vlzpp3lslag","chunk_label":"unnamed-chunk-8","document_id":"9220116D","expansion_state":0,"options":{"engine":"r","label":"unnamed-chunk-777"},"row":39,"row_count":1,"visible":true},{"chunk_id":"cf6z6b5nxamqa","chunk_label":"unnamed-chunk-9","document_id":"9220116D","expansion_state":0,"options":{"engine":"r","label":"unnamed-chunk-778"},"row":43,"row_count":1,"visible":true},{"chunk_id":"cua9eeug8ormz","chunk_label":"unnamed-chunk-10","document_id":"9220116D","expansion_state":0,"options":{"engine":"r","label":"unnamed-chunk-779"},"row":47,"row_count":1,"visible":true},{"chunk_id":"cg8p5kvta5vk6","chunk_label":"unnamed-chunk-11","document_id":"9220116D","expansion_state":0,"options":{"engine":"r","label":"unnamed-chunk-780"},"row":51,"row_count":1,"visible":true},{"chunk_id":"c3gxl148adnp6","chunk_label":"unnamed-chunk-12","document_id":"9220116D","expansion_state":0,"options":{"engine":"r","label":"unnamed-chunk-781"},"row":55,"row_count":1,"visible":true},{"chunk_id":"cqjwfzoge3b1n","chunk_label":"unnamed-chunk-13","document_id":"9220116D","expansion_state":0,"options":{"engine":"r","label":"unnamed-chunk-782"},"row":59,"row_count":1,"visible":true},{"chunk_id":"clpw8jn1xcnb2","chunk_label":"unnamed-chunk-14","document_id":"9220116D","expansion_state":0,"options":{"engine":"r","label":"unnamed-chunk-783"},"row":63,"row_count":1,"visible":true},{"chunk_id":"c6ufbmkj51mat","chunk_label":"unnamed-chunk-15","document_id":"9220116D","expansion_state":0,"options":{"engine":"r","label":"unnamed-chunk-784"},"row":67,"row_count":1,"visible":true},{"chunk_id":"ciynyh7dgvcdn","chunk_label":"unnamed-chunk-16","document_id":"9220116D","expansion_state":0,"options":{"engine":"r","label":"unnamed-chunk-785"},"row":71,"row_count":1,"visible":true},{"chunk_id":"cubf9ni0x6zsv","chunk_label":"unnamed-chunk-17","document_id":"9220116D","expansion_state":0,"options":{"engine":"r","label":"unnamed-chunk-786"},"row":75,"row_count":1,"visible":true},{"chunk_id":"cb7o9xs0b94x3","chunk_label":"unnamed-chunk-18","document_id":"9220116D","expansion_state":0,"options":{"engine":"r","label":"unnamed-chunk-787"},"row":79,"row_count":1,"visible":true},{"chunk_id":"coqils2zcm429","chunk_label":"unnamed-chunk-19","document_id":"9220116D","expansion_state":0,"options":{"engine":"r","label":"unnamed-chunk-788"},"row":83,"row_count":1,"visible":true},{"chunk_id":"cmd6bhzrtmfhp","chunk_label":"unnamed-chunk-20","document_id":"9220116D","expansion_state":0,"options":{"engine":"r","label":"unnamed-chunk-789"},"row":87,"row_count":1,"visible":true},{"chunk_id":"cjwwk02or4soe","chunk_label":"unnamed-chunk-21","document_id":"9220116D","expansion_state":0,"options":{"engine":"r","label":"unnamed-chunk-790"},"row":91,"row_count":1,"visible":true},{"chunk_id":"cyiogqhgldkf4","chunk_label":"unnamed-chunk-22","document_id":"9220116D","expansion_state":0,"options":{"engine":"r","label":"unnamed-chunk-791"},"row":95,"row_count":1,"visible":true},{"chunk_id":"c3yvty4w8dai1","chunk_label":"unnamed-chunk-23","document_id":"9220116D","expansion_state":0,"options":{"engine":"r","label":"unnamed-chunk-792"},"row":99,"row_count":1,"visible":true},{"chunk_id":"ccpf75lje531d","chunk_label":"unnamed-chunk-24","document_id":"9220116D","expansion_state":0,"options":{"engine":"r","label":"unnamed-chunk-793"},"row":103,"row_count":1,"visible":true},{"chunk_id":"c5tfdx197anbo","chunk_label":"unnamed-chunk-25","document_id":"9220116D","expansion_state":0,"options":{"engine":"r","label":"unnamed-chunk-794"},"row":107,"row_count":1,"visible":true},{"chunk_id":"cnsszi6oc4l4b","chunk_label":"unnamed-chunk-26","document_id":"9220116D","expansion_state":0,"options":{"engine":"r","label":"unnamed-chunk-795"},"row":111,"row_count":1,"visible":true},{"chunk_id":"cjxovpnq367tw","chunk_label":"unnamed-chunk-27","document_id":"9220116D","expansion_state":0,"options":{"engine":"r","label":"unnamed-chunk-796"},"row":116,"row_count":1,"visible":true},{"chunk_id":"c2pq412bexwv2","chunk_label":"unnamed-chunk-28","document_id":"9220116D","expansion_state":0,"options":{"engine":"r","label":"unnamed-chunk-797"},"row":122,"row_count":1,"visible":true},{"chunk_id":"c0yw0p12xzj5s","chunk_label":"unnamed-chunk-29","document_id":"9220116D","expansion_state":0,"options":{"engine":"r","label":"unnamed-chunk-798"},"row":127,"row_count":1,"visible":true},{"chunk_id":"cxu5bzi8jypo4","chunk_label":"unnamed-chunk-30","document_id":"9220116D","expansion_state":0,"options":{"engine":"r","label":"unnamed-chunk-799"},"row":132,"row_count":1,"visible":true},{"chunk_id":"c66c676ccrogv","chunk_label":"unnamed-chunk-31","document_id":"9220116D","expansion_state":0,"options":{"engine":"r","label":"unnamed-chunk-800"},"row":137,"row_count":1,"visible":true},{"chunk_id":"ciivek4k46ms5","chunk_label":"unnamed-chunk-32","document_id":"9220116D","expansion_state":0,"options":{"engine":"r","label":"unnamed-chunk-801"},"row":143,"row_count":1,"visible":true},{"chunk_id":"cxbffaje79yee","chunk_label":"unnamed-chunk-33","document_id":"9220116D","expansion_state":0,"options":{"engine":"r","label":"unnamed-chunk-707"},"row":148,"row_count":1,"visible":true},{"chunk_id":"cl4ae1m00y50y","chunk_label":"unnamed-chunk-34","document_id":"9220116D","expansion_state":0,"options":{"engine":"r","label":"unnamed-chunk-708"},"row":153,"row_count":1,"visible":true},{"chunk_id":"cacoqafg2kooa","chunk_label":"unnamed-chunk-35","document_id":"9220116D","expansion_state":0,"options":{"engine":"r","label":"unnamed-chunk-709"},"row":158,"row_count":1,"visible":true},{"chunk_id":"crjuuvj5xjcc9","chunk_label":"unnamed-chunk-36","document_id":"9220116D","expansion_state":0,"options":{"engine":"r","label":"unnamed-chunk-710"},"row":162,"row_count":1,"visible":true},{"chunk_id":"cj0pf59ia8tee","chunk_label":"unnamed-chunk-37","document_id":"9220116D","expansion_state":0,"options":{"engine":"r","label":"unnamed-chunk-711"},"row":166,"row_count":1,"visible":true},{"chunk_id":"cu2nacwn85dmr","chunk_label":"unnamed-chunk-38","document_id":"9220116D","expansion_state":0,"options":{"engine":"r","label":"unnamed-chunk-712"},"row":170,"row_count":1,"visible":true},{"chunk_id":"crzytugdiisgu","chunk_label":"unnamed-chunk-39","document_id":"9220116D","expansion_state":0,"options":{"engine":"r","label":"unnamed-chunk-713"},"row":174,"row_count":1,"visible":true},{"chunk_id":"cdwlfmbc5yxka","chunk_label":"unnamed-chunk-40","document_id":"9220116D","expansion_state":0,"options":{"engine":"r","label":"unnamed-chunk-714"},"row":178,"row_count":1,"visible":true},{"chunk_id":"chm29rv38oozy","chunk_label":"unnamed-chunk-41","document_id":"9220116D","expansion_state":0,"options":{"engine":"r","label":"unnamed-chunk-715"},"row":182,"row_count":1,"visible":true},{"chunk_id":"c0j229yf9dg87","chunk_label":"unnamed-chunk-42","document_id":"9220116D","expansion_state":0,"options":{"engine":"r","label":"unnamed-chunk-716"},"row":187,"row_count":1,"visible":true},{"chunk_id":"cmchl7nabkjjh","chunk_label":"unnamed-chunk-43","document_id":"9220116D","expansion_state":0,"options":{"engine":"r","label":"unnamed-chunk-717"},"row":192,"row_count":1,"visible":true},{"chunk_id":"cizcvxqu0xm36","chunk_label":"unnamed-chunk-44","document_id":"9220116D","expansion_state":0,"options":{"engine":"r","label":"unnamed-chunk-718"},"row":196,"row_count":1,"visible":true},{"chunk_id":"cvdqyrx8q6kff","chunk_label":"unnamed-chunk-45","document_id":"9220116D","expansion_state":0,"options":{"engine":"r","label":"unnamed-chunk-719"},"row":200,"row_count":1,"visible":true},{"chunk_id":"c31z9ujs6qmv6","chunk_label":"unnamed-chunk-46","document_id":"9220116D","expansion_state":0,"options":{"engine":"r","label":"unnamed-chunk-720"},"row":204,"row_count":1,"visible":true},{"chunk_id":"co7pqz0lds8oo","chunk_label":"unnamed-chunk-47","document_id":"9220116D","expansion_state":0,"options":{"engine":"r","label":"unnamed-chunk-721"},"row":208,"row_count":1,"visible":true},{"chunk_id":"cv657w5xzpuf4","chunk_label":"unnamed-chunk-48","document_id":"9220116D","expansion_state":0,"options":{"engine":"r","label":"unnamed-chunk-722"},"row":212,"row_count":1,"visible":true},{"chunk_id":"c25ood53k94xv","chunk_label":"unnamed-chunk-49","document_id":"9220116D","expansion_state":0,"options":{"engine":"r","label":"unnamed-chunk-723"},"row":216,"row_count":1,"visible":true},{"chunk_id":"c4rh6t77hzmzz","chunk_label":"unnamed-chunk-50","document_id":"9220116D","expansion_state":0,"options":{"engine":"r","label":"unnamed-chunk-724"},"row":220,"row_count":1,"visible":true},{"chunk_id":"c7mmwd3rwlodk","chunk_label":"unnamed-chunk-51","document_id":"9220116D","expansion_state":0,"options":{"engine":"r","label":"unnamed-chunk-725"},"row":224,"row_count":1,"visible":true},{"chunk_id":"cienp4qwger07","chunk_label":"unnamed-chunk-52","document_id":"9220116D","expansion_state":0,"options":{"engine":"r","label":"unnamed-chunk-726"},"row":228,"row_count":1,"visible":true},{"chunk_id":"cid2cmwj53jzq","chunk_label":"unnamed-chunk-53","document_id":"9220116D","expansion_state":0,"options":{"engine":"r","label":"unnamed-chunk-727"},"row":232,"row_count":1,"visible":true},{"chunk_id":"c29efjo43lon6","chunk_label":"unnamed-chunk-54","document_id":"9220116D","expansion_state":0,"options":{"engine":"r","label":"unnamed-chunk-728"},"row":236,"row_count":1,"visible":true},{"chunk_id":"cp8m3pc60b6lo","chunk_label":"unnamed-chunk-55","document_id":"9220116D","expansion_state":0,"options":{"engine":"r","label":"unnamed-chunk-729"},"row":240,"row_count":1,"visible":true},{"chunk_id":"czm29o4e3x1ov","chunk_label":"unnamed-chunk-56","document_id":"9220116D","expansion_state":0,"options":{"engine":"r","label":"unnamed-chunk-730"},"row":244,"row_count":1,"visible":true},{"chunk_id":"ci1s5ell7dvoc","chunk_label":"unnamed-chunk-57","document_id":"9220116D","expansion_state":0,"options":{"engine":"r","label":"unnamed-chunk-731"},"row":265,"row_count":1,"visible":true},{"chunk_id":"cyw2pwa5c9yic","chunk_label":"unnamed-chunk-58","document_id":"9220116D","expansion_state":0,"options":{"engine":"r","label":"unnamed-chunk-732"},"row":269,"row_count":1,"visible":true},{"chunk_id":"cdq0l0qknjn8i","chunk_label":"unnamed-chunk-59","document_id":"9220116D","expansion_state":0,"options":{"engine":"r","label":"unnamed-chunk-733"},"row":273,"row_count":1,"visible":true},{"chunk_id":"ce99pp9p6rsqn","chunk_label":"unnamed-chunk-60","document_id":"9220116D","expansion_state":0,"options":{"engine":"r","label":"unnamed-chunk-734"},"row":278,"row_count":1,"visible":true},{"chunk_id":"cqgrbj22upiwk","chunk_label":"unnamed-chunk-61","document_id":"9220116D","expansion_state":0,"options":{"engine":"r","label":"unnamed-chunk-735"},"row":285,"row_count":1,"visible":true},{"chunk_id":"ckpsju6048qkd","chunk_label":"unnamed-chunk-62","document_id":"9220116D","expansion_state":0,"options":{"engine":"r","label":"unnamed-chunk-736"},"row":289,"row_count":1,"visible":true},{"chunk_id":"c73hi3o2j8t6i","chunk_label":"unnamed-chunk-63","document_id":"9220116D","expansion_state":0,"options":{"engine":"r","label":"unnamed-chunk-737"},"row":293,"row_count":1,"visible":true}],"chunk_rendered_width":700,"doc_write_time":1585076538}