{"chunk_definitions":[{"chunk_id":"chv1xqw1n67pd","chunk_label":"unnamed-chunk-2","document_id":"3CE90D16","expansion_state":0,"options":{"engine":"r","label":"unnamed-chunk-162"},"row":13,"row_count":1,"visible":true},{"chunk_id":"cgz3zf01dby0f","chunk_label":"unnamed-chunk-4","document_id":"3CE90D16","expansion_state":0,"options":{"engine":"r","label":"unnamed-chunk-163"},"row":21,"row_count":1,"visible":true},{"chunk_id":"cjam8wj1f2fa9","chunk_label":"unnamed-chunk-5","document_id":"3CE90D16","expansion_state":0,"options":{"engine":"r","label":"unnamed-chunk-164"},"row":25,"row_count":1,"visible":true},{"chunk_id":"ce6p0qnri6s9p","chunk_label":"unnamed-chunk-6","document_id":"3CE90D16","expansion_state":0,"options":{"engine":"r","label":"unnamed-chunk-165"},"row":29,"row_count":1,"visible":true},{"chunk_id":"cqcqwprk5rpzz","chunk_label":"unnamed-chunk-7","document_id":"3CE90D16","expansion_state":0,"options":{"engine":"r","label":"unnamed-chunk-166"},"row":34,"row_count":1,"visible":true},{"chunk_id":"c9vg0263y1xa6","chunk_label":"unnamed-chunk-8","document_id":"3CE90D16","expansion_state":0,"options":{"engine":"r","label":"unnamed-chunk-167"},"row":38,"row_count":1,"visible":true},{"chunk_id":"c4am7k6jedj33","chunk_label":"unnamed-chunk-9","document_id":"3CE90D16","expansion_state":0,"options":{"engine":"r","label":"unnamed-chunk-168"},"row":42,"row_count":1,"visible":true},{"chunk_id":"cmodlul86f79m","chunk_label":"unnamed-chunk-10","document_id":"3CE90D16","expansion_state":0,"options":{"engine":"r","label":"unnamed-chunk-169"},"row":46,"row_count":1,"visible":true},{"chunk_id":"cia4nzhdpcmu5","chunk_label":"unnamed-chunk-11","document_id":"3CE90D16","expansion_state":0,"options":{"engine":"r","label":"unnamed-chunk-170"},"row":50,"row_count":1,"visible":true},{"chunk_id":"cmerpj3p54w9l","chunk_label":"unnamed-chunk-12","document_id":"3CE90D16","expansion_state":0,"options":{"engine":"r","label":"unnamed-chunk-171"},"row":54,"row_count":1,"visible":true},{"chunk_id":"cnmolfnyen4l2","chunk_label":"unnamed-chunk-13","document_id":"3CE90D16","expansion_state":0,"options":{"engine":"r","label":"unnamed-chunk-172"},"row":58,"row_count":1,"visible":true},{"chunk_id":"cbv1wnd2sspes","chunk_label":"unnamed-chunk-14","document_id":"3CE90D16","expansion_state":0,"options":{"engine":"r","label":"unnamed-chunk-173"},"row":62,"row_count":1,"visible":true},{"chunk_id":"c0mv18u8xeysh","chunk_label":"unnamed-chunk-15","document_id":"3CE90D16","expansion_state":0,"options":{"engine":"r","label":"unnamed-chunk-174"},"row":66,"row_count":1,"visible":true},{"chunk_id":"cjqvcm0yakj2h","chunk_label":"unnamed-chunk-16","document_id":"3CE90D16","expansion_state":0,"options":{"engine":"r","label":"unnamed-chunk-175"},"row":70,"row_count":1,"visible":true},{"chunk_id":"cqjb9q1cbss5y","chunk_label":"unnamed-chunk-17","document_id":"3CE90D16","expansion_state":0,"options":{"engine":"r","label":"unnamed-chunk-176"},"row":74,"row_count":1,"visible":true},{"chunk_id":"c1z6oa8zz0l8z","chunk_label":"unnamed-chunk-18","document_id":"3CE90D16","expansion_state":0,"options":{"engine":"r","label":"unnamed-chunk-177"},"row":78,"row_count":1,"visible":true},{"chunk_id":"cbl0244temsqw","chunk_label":"unnamed-chunk-19","document_id":"3CE90D16","expansion_state":0,"options":{"engine":"r","label":"unnamed-chunk-178"},"row":82,"row_count":1,"visible":true},{"chunk_id":"c85y1x4jc4uiv","chunk_label":"unnamed-chunk-20","document_id":"3CE90D16","expansion_state":0,"options":{"engine":"r","label":"unnamed-chunk-179"},"row":86,"row_count":1,"visible":true},{"chunk_id":"cewnav8k55n4j","chunk_label":"unnamed-chunk-21","document_id":"3CE90D16","expansion_state":0,"options":{"engine":"r","label":"unnamed-chunk-180"},"row":90,"row_count":1,"visible":true},{"chunk_id":"ckdozgzka1x98","chunk_label":"unnamed-chunk-22","document_id":"3CE90D16","expansion_state":0,"options":{"engine":"r","label":"unnamed-chunk-181"},"row":94,"row_count":1,"visible":true},{"chunk_id":"c6z3gds7g80sm","chunk_label":"unnamed-chunk-23","document_id":"3CE90D16","expansion_state":0,"options":{"engine":"r","label":"unnamed-chunk-182"},"row":98,"row_count":1,"visible":true},{"chunk_id":"cmo0bqntrtxh7","chunk_label":"unnamed-chunk-24","document_id":"3CE90D16","expansion_state":0,"options":{"engine":"r","label":"unnamed-chunk-183"},"row":102,"row_count":1,"visible":true},{"chunk_id":"c6mxrdizizdpu","chunk_label":"unnamed-chunk-25","document_id":"3CE90D16","expansion_state":0,"options":{"engine":"r","label":"unnamed-chunk-184"},"row":106,"row_count":1,"visible":true},{"chunk_id":"cr4bo8awuwypv","chunk_label":"unnamed-chunk-26","document_id":"3CE90D16","expansion_state":0,"options":{"engine":"r","label":"unnamed-chunk-185"},"row":110,"row_count":1,"visible":true},{"chunk_id":"cb92ax25go5kp","chunk_label":"unnamed-chunk-27","document_id":"3CE90D16","expansion_state":0,"options":{"engine":"r","label":"unnamed-chunk-186"},"row":116,"row_count":1,"visible":true},{"chunk_id":"capseq4fhwxto","chunk_label":"unnamed-chunk-28","document_id":"3CE90D16","expansion_state":0,"options":{"engine":"r","label":"unnamed-chunk-187"},"row":120,"row_count":1,"visible":true},{"chunk_id":"czzsc65sn9495","chunk_label":"unnamed-chunk-29","document_id":"3CE90D16","expansion_state":0,"options":{"engine":"r","label":"unnamed-chunk-188"},"row":124,"row_count":1,"visible":true},{"chunk_id":"cypw0n5npoal7","chunk_label":"unnamed-chunk-30","document_id":"3CE90D16","expansion_state":0,"options":{"engine":"r","label":"unnamed-chunk-189"},"row":128,"row_count":1,"visible":true},{"chunk_id":"cg2g5o2tw6tny","chunk_label":"unnamed-chunk-31","document_id":"3CE90D16","expansion_state":0,"options":{"engine":"r","label":"unnamed-chunk-190"},"row":132,"row_count":1,"visible":true},{"chunk_id":"c609d0dx5hv9p","chunk_label":"unnamed-chunk-32","document_id":"3CE90D16","expansion_state":0,"options":{"engine":"r","label":"unnamed-chunk-191"},"row":136,"row_count":1,"visible":true},{"chunk_id":"c4l4uyjcx6etf","chunk_label":"unnamed-chunk-33","document_id":"3CE90D16","expansion_state":0,"options":{"engine":"r","label":"unnamed-chunk-192"},"row":144,"row_count":1,"visible":true},{"chunk_id":"c4aluo0b776py","chunk_label":"unnamed-chunk-34","document_id":"3CE90D16","expansion_state":0,"options":{"engine":"r","label":"unnamed-chunk-193"},"row":149,"row_count":1,"visible":true},{"chunk_id":"cmn7ju6qrspvs","chunk_label":"unnamed-chunk-35","document_id":"3CE90D16","expansion_state":0,"options":{"engine":"r","label":"unnamed-chunk-194"},"row":153,"row_count":1,"visible":true},{"chunk_id":"c3xrv0u8l4tl7","chunk_label":"unnamed-chunk-36","document_id":"3CE90D16","expansion_state":0,"options":{"engine":"r","label":"unnamed-chunk-195"},"row":157,"row_count":1,"visible":true},{"chunk_id":"cbfvcqmtan53x","chunk_label":"unnamed-chunk-37","document_id":"3CE90D16","expansion_state":0,"options":{"engine":"r","label":"unnamed-chunk-196"},"row":161,"row_count":1,"visible":true},{"chunk_id":"c2utvy83andkn","chunk_label":"unnamed-chunk-38","document_id":"3CE90D16","expansion_state":0,"options":{"engine":"r","label":"unnamed-chunk-197"},"row":165,"row_count":1,"visible":true},{"chunk_id":"cnmbwt3myzl8z","chunk_label":"unnamed-chunk-39","document_id":"3CE90D16","expansion_state":0,"options":{"engine":"r","label":"unnamed-chunk-198"},"row":169,"row_count":1,"visible":true},{"chunk_id":"c2p5i4pvccoo0","chunk_label":"unnamed-chunk-40","document_id":"3CE90D16","expansion_state":0,"options":{"engine":"r","label":"unnamed-chunk-199"},"row":173,"row_count":1,"visible":true},{"chunk_id":"ct7b7gqpb9pxt","chunk_label":"unnamed-chunk-41","document_id":"3CE90D16","expansion_state":0,"options":{"engine":"r","label":"unnamed-chunk-200"},"row":177,"row_count":1,"visible":true},{"chunk_id":"c28jy9taklhqw","chunk_label":"unnamed-chunk-42","document_id":"3CE90D16","expansion_state":0,"options":{"engine":"r","label":"unnamed-chunk-201"},"row":181,"row_count":1,"visible":true},{"chunk_id":"csfpgzhd0cypi","chunk_label":"unnamed-chunk-43","document_id":"3CE90D16","expansion_state":0,"options":{"engine":"r","label":"unnamed-chunk-202"},"row":185,"row_count":1,"visible":true},{"chunk_id":"c37y7gpe5gbcx","chunk_label":"unnamed-chunk-44","document_id":"3CE90D16","expansion_state":0,"options":{"engine":"r","label":"unnamed-chunk-203"},"row":189,"row_count":1,"visible":true},{"chunk_id":"cvw0t2uxqdb8p","chunk_label":"unnamed-chunk-45","document_id":"3CE90D16","expansion_state":0,"options":{"engine":"r","label":"unnamed-chunk-204"},"row":194,"row_count":1,"visible":true},{"chunk_id":"cxukhybappok6","chunk_label":"unnamed-chunk-46","document_id":"3CE90D16","expansion_state":0,"options":{"engine":"r","label":"unnamed-chunk-205"},"row":198,"row_count":1,"visible":true},{"chunk_id":"c4896wces0aub","chunk_label":"unnamed-chunk-47","document_id":"3CE90D16","expansion_state":0,"options":{"engine":"r","label":"unnamed-chunk-206"},"row":202,"row_count":1,"visible":true},{"chunk_id":"cnz64o8z19jpq","chunk_label":"unnamed-chunk-48","document_id":"3CE90D16","expansion_state":0,"options":{"engine":"r","label":"unnamed-chunk-207"},"row":206,"row_count":1,"visible":true},{"chunk_id":"cpabbe00ee0bt","chunk_label":"unnamed-chunk-49","document_id":"3CE90D16","expansion_state":0,"options":{"engine":"r","label":"unnamed-chunk-208"},"row":210,"row_count":1,"visible":true},{"chunk_id":"ca96xg18zze0x","chunk_label":"unnamed-chunk-50","document_id":"3CE90D16","expansion_state":0,"options":{"engine":"r","label":"unnamed-chunk-209"},"row":214,"row_count":1,"visible":true},{"chunk_id":"c4so2542oqcp2","chunk_label":"unnamed-chunk-51","document_id":"3CE90D16","expansion_state":0,"options":{"engine":"r","label":"unnamed-chunk-210"},"row":218,"row_count":1,"visible":true},{"chunk_id":"c87wp8qj8nan0","chunk_label":"unnamed-chunk-52","document_id":"3CE90D16","expansion_state":0,"options":{"engine":"r","label":"unnamed-chunk-211"},"row":222,"row_count":1,"visible":true},{"chunk_id":"chx29x3s98uvu","chunk_label":"unnamed-chunk-53","document_id":"3CE90D16","expansion_state":0,"options":{"engine":"r","label":"unnamed-chunk-212"},"row":226,"row_count":1,"visible":true},{"chunk_id":"cuk7swb3zy2vo","chunk_label":"unnamed-chunk-54","document_id":"3CE90D16","expansion_state":0,"options":{"engine":"r","label":"unnamed-chunk-213"},"row":230,"row_count":1,"visible":true},{"chunk_id":"ctio2zrjgobs0","chunk_label":"unnamed-chunk-55","document_id":"3CE90D16","expansion_state":0,"options":{"engine":"r","label":"unnamed-chunk-214"},"row":234,"row_count":1,"visible":true},{"chunk_id":"cqzetw0ok8zk0","chunk_label":"unnamed-chunk-56","document_id":"3CE90D16","expansion_state":0,"options":{"engine":"r","label":"unnamed-chunk-215"},"row":253,"row_count":1,"visible":true},{"chunk_id":"cnk1ry8pl95aq","chunk_label":"unnamed-chunk-57","document_id":"3CE90D16","expansion_state":0,"options":{"engine":"r","label":"unnamed-chunk-216"},"row":257,"row_count":1,"visible":true},{"chunk_id":"cd2x8yqr08tyy","chunk_label":"unnamed-chunk-58","document_id":"3CE90D16","expansion_state":0,"options":{"engine":"r","label":"unnamed-chunk-217"},"row":261,"row_count":1,"visible":true}],"chunk_rendered_width":652,"doc_write_time":1585041965}