{"chunk_definitions":[{"chunk_id":"ce1g63mk6x7lc","chunk_label":"unnamed-chunk-1","document_id":"3CE90D16","expansion_state":0,"options":{"engine":"r","label":"unnamed-chunk-538"},"row":10,"row_count":1,"visible":true},{"chunk_id":"cnmolfnyen4l2","chunk_label":"unnamed-chunk-2","document_id":"3CE90D16","expansion_state":0,"options":{"engine":"r","label":"unnamed-chunk-514"},"row":15,"row_count":1,"visible":true},{"chunk_id":"cbv1wnd2sspes","chunk_label":"unnamed-chunk-3","document_id":"3CE90D16","expansion_state":0,"options":{"engine":"r","label":"unnamed-chunk-515"},"row":22,"row_count":1,"visible":true},{"chunk_id":"c0mv18u8xeysh","chunk_label":"unnamed-chunk-4","document_id":"3CE90D16","expansion_state":0,"options":{"engine":"r","label":"unnamed-chunk-516"},"row":27,"row_count":1,"visible":true},{"chunk_id":"cjqvcm0yakj2h","chunk_label":"unnamed-chunk-5","document_id":"3CE90D16","expansion_state":0,"options":{"engine":"r","label":"unnamed-chunk-517"},"row":31,"row_count":1,"visible":true},{"chunk_id":"cqjb9q1cbss5y","chunk_label":"unnamed-chunk-6","document_id":"3CE90D16","expansion_state":0,"options":{"engine":"r","label":"unnamed-chunk-518"},"row":36,"row_count":1,"visible":true},{"chunk_id":"c1z6oa8zz0l8z","chunk_label":"unnamed-chunk-7","document_id":"3CE90D16","expansion_state":0,"options":{"engine":"r","label":"unnamed-chunk-519"},"row":41,"row_count":1,"visible":true},{"chunk_id":"cbl0244temsqw","chunk_label":"unnamed-chunk-8","document_id":"3CE90D16","expansion_state":0,"options":{"engine":"r","label":"unnamed-chunk-520"},"row":45,"row_count":1,"visible":true},{"chunk_id":"c85y1x4jc4uiv","chunk_label":"unnamed-chunk-9","document_id":"3CE90D16","expansion_state":0,"options":{"engine":"r","label":"unnamed-chunk-521"},"row":49,"row_count":1,"visible":true},{"chunk_id":"cewnav8k55n4j","chunk_label":"unnamed-chunk-10","document_id":"3CE90D16","expansion_state":0,"options":{"engine":"r","label":"unnamed-chunk-522"},"row":53,"row_count":1,"visible":true},{"chunk_id":"ckdozgzka1x98","chunk_label":"unnamed-chunk-11","document_id":"3CE90D16","expansion_state":0,"options":{"engine":"r","label":"unnamed-chunk-523"},"row":57,"row_count":1,"visible":true},{"chunk_id":"c6z3gds7g80sm","chunk_label":"unnamed-chunk-12","document_id":"3CE90D16","expansion_state":0,"options":{"engine":"r","label":"unnamed-chunk-524"},"row":61,"row_count":1,"visible":true},{"chunk_id":"cmo0bqntrtxh7","chunk_label":"unnamed-chunk-13","document_id":"3CE90D16","expansion_state":0,"options":{"engine":"r","label":"unnamed-chunk-525"},"row":65,"row_count":1,"visible":true},{"chunk_id":"c6mxrdizizdpu","chunk_label":"unnamed-chunk-14","document_id":"3CE90D16","expansion_state":0,"options":{"engine":"r","label":"unnamed-chunk-526"},"row":69,"row_count":1,"visible":true},{"chunk_id":"cxmzyu89zili9","chunk_label":"unnamed-chunk-15","document_id":"3CE90D16","expansion_state":0,"options":{"engine":"r","label":"unnamed-chunk-527"},"row":74,"row_count":1,"visible":true},{"chunk_id":"cfevt7kquwgho","chunk_label":"unnamed-chunk-16","document_id":"3CE90D16","expansion_state":0,"options":{"engine":"r","label":"unnamed-chunk-528"},"row":79,"row_count":1,"visible":true},{"chunk_id":"c0q072zl456jo","chunk_label":"unnamed-chunk-17","document_id":"3CE90D16","expansion_state":0,"options":{"engine":"r","label":"unnamed-chunk-529"},"row":84,"row_count":1,"visible":true},{"chunk_id":"cgh5y37vnulsk","chunk_label":"unnamed-chunk-18","document_id":"3CE90D16","expansion_state":0,"options":{"engine":"r","label":"unnamed-chunk-530"},"row":88,"row_count":1,"visible":true},{"chunk_id":"chsvz9gr10ft3","chunk_label":"unnamed-chunk-19","document_id":"3CE90D16","expansion_state":0,"options":{"engine":"r","label":"unnamed-chunk-531"},"row":92,"row_count":1,"visible":true},{"chunk_id":"cwffa23kvhapo","chunk_label":"unnamed-chunk-20","document_id":"3CE90D16","expansion_state":0,"options":{"engine":"r","label":"unnamed-chunk-532"},"row":99,"row_count":1,"visible":true},{"chunk_id":"cw5w08nulgn2n","chunk_label":"unnamed-chunk-21","document_id":"3CE90D16","expansion_state":0,"options":{"engine":"r","label":"unnamed-chunk-533"},"row":103,"row_count":1,"visible":true},{"chunk_id":"cyhevt9acm8xh","chunk_label":"unnamed-chunk-22","document_id":"3CE90D16","expansion_state":0,"options":{"engine":"r","label":"unnamed-chunk-534"},"row":107,"row_count":1,"visible":true},{"chunk_id":"cehr1ragpkavt","chunk_label":"unnamed-chunk-23","document_id":"3CE90D16","expansion_state":0,"options":{"engine":"r","label":"unnamed-chunk-535"},"row":111,"row_count":1,"visible":true},{"chunk_id":"c632hsi9ipg9b","chunk_label":"unnamed-chunk-24","document_id":"3CE90D16","expansion_state":0,"options":{"engine":"r","label":"unnamed-chunk-536"},"row":117,"row_count":1,"visible":true},{"chunk_id":"cvirztto23174","chunk_label":"unnamed-chunk-25","document_id":"3CE90D16","expansion_state":0,"options":{"engine":"r","label":"unnamed-chunk-546"},"row":123,"row_count":1,"visible":true},{"chunk_id":"cbie1f4ej6f94","chunk_label":"unnamed-chunk-26","document_id":"3CE90D16","expansion_state":0,"options":{"engine":"r","label":"unnamed-chunk-547"},"row":127,"row_count":1,"visible":true},{"chunk_id":"cm4m5nhq5mjs7","chunk_label":"unnamed-chunk-27","document_id":"3CE90D16","expansion_state":0,"options":{"engine":"r","label":"unnamed-chunk-449"},"row":132,"row_count":1,"visible":true},{"chunk_id":"cd13nwh85u420","chunk_label":"unnamed-chunk-28","document_id":"3CE90D16","expansion_state":0,"options":{"engine":"r","label":"unnamed-chunk-450"},"row":137,"row_count":1,"visible":true},{"chunk_id":"cyf7nzmqba7j0","chunk_label":"unnamed-chunk-29","document_id":"3CE90D16","expansion_state":0,"options":{"engine":"r","label":"unnamed-chunk-539"},"row":147,"row_count":1,"visible":true},{"chunk_id":"c3yq0ojrnz5k5","chunk_label":"unnamed-chunk-30","document_id":"3CE90D16","expansion_state":0,"options":{"engine":"r","label":"unnamed-chunk-303"},"row":152,"row_count":1,"visible":true},{"chunk_id":"cln2k2d9ji15m","chunk_label":"unnamed-chunk-31","document_id":"3CE90D16","expansion_state":0,"options":{"engine":"r","label":"unnamed-chunk-304"},"row":157,"row_count":1,"visible":true},{"chunk_id":"cgdky0n0dij7u","chunk_label":"unnamed-chunk-32","document_id":"3CE90D16","expansion_state":0,"options":{"engine":"r","label":"unnamed-chunk-309"},"row":163,"row_count":1,"visible":true},{"chunk_id":"c1h1qctmdp4jr","chunk_label":"unnamed-chunk-33","document_id":"3CE90D16","expansion_state":0,"options":{"engine":"r","label":"unnamed-chunk-541"},"row":176,"row_count":1,"visible":true},{"chunk_id":"cozdp79mpa81l","chunk_label":"unnamed-chunk-34","document_id":"3CE90D16","expansion_state":0,"options":{"engine":"r","label":"unnamed-chunk-542"},"row":181,"row_count":1,"visible":true},{"chunk_id":"ce15k1s9skv20","chunk_label":"unnamed-chunk-35","document_id":"3CE90D16","expansion_state":0,"options":{"engine":"r","label":"unnamed-chunk-543"},"row":186,"row_count":1,"visible":true},{"chunk_id":"cczmh9lelggch","chunk_label":"unnamed-chunk-36","document_id":"3CE90D16","expansion_state":0,"options":{"engine":"r","label":"unnamed-chunk-545"},"row":190,"row_count":1,"visible":true},{"chunk_id":"c2x5eys24fe6q","chunk_label":"unnamed-chunk-37","document_id":"3CE90D16","expansion_state":0,"options":{"engine":"r","label":"unnamed-chunk-544"},"row":196,"row_count":1,"visible":true},{"chunk_id":"c9hnm9w0v4v1u","chunk_label":"unnamed-chunk-38","document_id":"3CE90D16","expansion_state":0,"options":{"engine":"r","label":"unnamed-chunk-549"},"row":201,"row_count":1,"visible":true},{"chunk_id":"c9h0kzsfimler","chunk_label":"unnamed-chunk-39","document_id":"3CE90D16","expansion_state":0,"options":{},"row":205,"row_count":1,"visible":true},{"chunk_id":"cp6fyw2xlpvln","chunk_label":"unnamed-chunk-40","document_id":"3CE90D16","expansion_state":0,"options":{},"row":211,"row_count":1,"visible":true}],"doc_write_time":1584907845}