{"chunk_definitions":[{"chunk_id":"chv1xqw1n67pd","chunk_label":"unnamed-chunk-1","document_id":"3CE90D16","expansion_state":0,"options":{"engine":"r","label":"unnamed-chunk-854"},"row":9,"row_count":1,"visible":true},{"chunk_id":"cgz3zf01dby0f","chunk_label":"unnamed-chunk-2","document_id":"3CE90D16","expansion_state":0,"options":{"engine":"r","label":"unnamed-chunk-829"},"row":14,"row_count":1,"visible":true},{"chunk_id":"cjam8wj1f2fa9","chunk_label":"unnamed-chunk-3","document_id":"3CE90D16","expansion_state":0,"options":{"engine":"r","label":"unnamed-chunk-820"},"row":18,"row_count":1,"visible":true},{"chunk_id":"ce6p0qnri6s9p","chunk_label":"unnamed-chunk-4","document_id":"3CE90D16","expansion_state":0,"options":{"engine":"r","label":"unnamed-chunk-815"},"row":22,"row_count":1,"visible":true},{"chunk_id":"cqcqwprk5rpzz","chunk_label":"unnamed-chunk-5","document_id":"3CE90D16","expansion_state":0,"options":{"engine":"r","label":"unnamed-chunk-809"},"row":27,"row_count":1,"visible":true},{"chunk_id":"c9vg0263y1xa6","chunk_label":"unnamed-chunk-6","document_id":"3CE90D16","expansion_state":0,"options":{"engine":"r","label":"unnamed-chunk-810"},"row":31,"row_count":1,"visible":true},{"chunk_id":"c4am7k6jedj33","chunk_label":"unnamed-chunk-7","document_id":"3CE90D16","expansion_state":0,"options":{"engine":"r","label":"unnamed-chunk-811"},"row":35,"row_count":1,"visible":true},{"chunk_id":"cmodlul86f79m","chunk_label":"unnamed-chunk-8","document_id":"3CE90D16","expansion_state":0,"options":{"engine":"r","label":"unnamed-chunk-213"},"row":39,"row_count":1,"visible":true},{"chunk_id":"cia4nzhdpcmu5","chunk_label":"unnamed-chunk-9","document_id":"3CE90D16","expansion_state":0,"options":{"engine":"r","label":"unnamed-chunk-26"},"row":43,"row_count":1,"visible":true},{"chunk_id":"cmerpj3p54w9l","chunk_label":"unnamed-chunk-10","document_id":"3CE90D16","expansion_state":0,"options":{"engine":"r","label":"unnamed-chunk-27"},"row":47,"row_count":1,"visible":true},{"chunk_id":"cnmolfnyen4l2","chunk_label":"unnamed-chunk-11","document_id":"3CE90D16","expansion_state":0,"options":{"engine":"r","label":"unnamed-chunk-28"},"row":51,"row_count":1,"visible":true},{"chunk_id":"cbv1wnd2sspes","chunk_label":"unnamed-chunk-12","document_id":"3CE90D16","expansion_state":0,"options":{"engine":"r","label":"unnamed-chunk-29"},"row":55,"row_count":1,"visible":true},{"chunk_id":"c0mv18u8xeysh","chunk_label":"unnamed-chunk-13","document_id":"3CE90D16","expansion_state":0,"options":{"engine":"r","label":"unnamed-chunk-31"},"row":59,"row_count":1,"visible":true},{"chunk_id":"cjqvcm0yakj2h","chunk_label":"unnamed-chunk-14","document_id":"3CE90D16","expansion_state":0,"options":{"engine":"r","label":"unnamed-chunk-32"},"row":63,"row_count":1,"visible":true},{"chunk_id":"cqjb9q1cbss5y","chunk_label":"unnamed-chunk-15","document_id":"3CE90D16","expansion_state":0,"options":{"engine":"r","label":"unnamed-chunk-33"},"row":67,"row_count":1,"visible":true},{"chunk_id":"c1z6oa8zz0l8z","chunk_label":"unnamed-chunk-16","document_id":"3CE90D16","expansion_state":0,"options":{"engine":"r","label":"unnamed-chunk-34"},"row":71,"row_count":1,"visible":true},{"chunk_id":"cbl0244temsqw","chunk_label":"unnamed-chunk-17","document_id":"3CE90D16","expansion_state":0,"options":{"engine":"r","label":"unnamed-chunk-35"},"row":75,"row_count":1,"visible":true},{"chunk_id":"c85y1x4jc4uiv","chunk_label":"unnamed-chunk-18","document_id":"3CE90D16","expansion_state":0,"options":{"engine":"r","label":"unnamed-chunk-36"},"row":79,"row_count":1,"visible":true},{"chunk_id":"cewnav8k55n4j","chunk_label":"unnamed-chunk-19","document_id":"3CE90D16","expansion_state":0,"options":{"engine":"r","label":"unnamed-chunk-37"},"row":83,"row_count":1,"visible":true},{"chunk_id":"ckdozgzka1x98","chunk_label":"unnamed-chunk-20","document_id":"3CE90D16","expansion_state":0,"options":{"engine":"r","label":"unnamed-chunk-38"},"row":87,"row_count":1,"visible":true},{"chunk_id":"c6z3gds7g80sm","chunk_label":"unnamed-chunk-21","document_id":"3CE90D16","expansion_state":0,"options":{"engine":"r","label":"unnamed-chunk-39"},"row":91,"row_count":1,"visible":true},{"chunk_id":"cmo0bqntrtxh7","chunk_label":"unnamed-chunk-22","document_id":"3CE90D16","expansion_state":0,"options":{"engine":"r","label":"unnamed-chunk-40"},"row":95,"row_count":1,"visible":true},{"chunk_id":"c6mxrdizizdpu","chunk_label":"unnamed-chunk-23","document_id":"3CE90D16","expansion_state":0,"options":{"engine":"r","label":"unnamed-chunk-41"},"row":99,"row_count":1,"visible":true},{"chunk_id":"cr4bo8awuwypv","chunk_label":"unnamed-chunk-24","document_id":"3CE90D16","expansion_state":0,"options":{"engine":"r","label":"unnamed-chunk-813"},"row":103,"row_count":1,"visible":true},{"chunk_id":"cb92ax25go5kp","chunk_label":"unnamed-chunk-25","document_id":"3CE90D16","expansion_state":0,"options":{"engine":"r","label":"unnamed-chunk-751"},"row":109,"row_count":1,"visible":true},{"chunk_id":"capseq4fhwxto","chunk_label":"unnamed-chunk-26","document_id":"3CE90D16","expansion_state":0,"options":{"engine":"r","label":"unnamed-chunk-752"},"row":113,"row_count":1,"visible":true},{"chunk_id":"czzsc65sn9495","chunk_label":"unnamed-chunk-27","document_id":"3CE90D16","expansion_state":0,"options":{"engine":"r","label":"unnamed-chunk-753"},"row":117,"row_count":1,"visible":true},{"chunk_id":"cypw0n5npoal7","chunk_label":"unnamed-chunk-28","document_id":"3CE90D16","expansion_state":0,"options":{"engine":"r","label":"unnamed-chunk-754"},"row":121,"row_count":1,"visible":true},{"chunk_id":"cg2g5o2tw6tny","chunk_label":"unnamed-chunk-29","document_id":"3CE90D16","expansion_state":0,"options":{"engine":"r","label":"unnamed-chunk-755"},"row":125,"row_count":1,"visible":true},{"chunk_id":"c609d0dx5hv9p","chunk_label":"unnamed-chunk-30","document_id":"3CE90D16","expansion_state":0,"options":{"engine":"r","label":"unnamed-chunk-784"},"row":130,"row_count":1,"visible":true},{"chunk_id":"c4l4uyjcx6etf","chunk_label":"unnamed-chunk-31","document_id":"3CE90D16","expansion_state":0,"options":{"engine":"r","label":"unnamed-chunk-785"},"row":138,"row_count":1,"visible":true},{"chunk_id":"c4aluo0b776py","chunk_label":"unnamed-chunk-32","document_id":"3CE90D16","expansion_state":0,"options":{"engine":"r","label":"unnamed-chunk-786"},"row":143,"row_count":1,"visible":true},{"chunk_id":"cmn7ju6qrspvs","chunk_label":"unnamed-chunk-33","document_id":"3CE90D16","expansion_state":0,"options":{"engine":"r","label":"unnamed-chunk-787"},"row":147,"row_count":1,"visible":true},{"chunk_id":"c3xrv0u8l4tl7","chunk_label":"unnamed-chunk-34","document_id":"3CE90D16","expansion_state":0,"options":{"engine":"r","label":"unnamed-chunk-788"},"row":151,"row_count":1,"visible":true},{"chunk_id":"cbfvcqmtan53x","chunk_label":"unnamed-chunk-35","document_id":"3CE90D16","expansion_state":0,"options":{"engine":"r","label":"unnamed-chunk-789"},"row":157,"row_count":1,"visible":true},{"chunk_id":"c2utvy83andkn","chunk_label":"unnamed-chunk-36","document_id":"3CE90D16","expansion_state":0,"options":{"engine":"r","label":"unnamed-chunk-790"},"row":161,"row_count":1,"visible":true},{"chunk_id":"cnmbwt3myzl8z","chunk_label":"unnamed-chunk-37","document_id":"3CE90D16","expansion_state":0,"options":{"engine":"r","label":"unnamed-chunk-791"},"row":165,"row_count":1,"visible":true},{"chunk_id":"c2p5i4pvccoo0","chunk_label":"unnamed-chunk-38","document_id":"3CE90D16","expansion_state":0,"options":{"engine":"r","label":"unnamed-chunk-792"},"row":169,"row_count":1,"visible":true},{"chunk_id":"ct7b7gqpb9pxt","chunk_label":"unnamed-chunk-39","document_id":"3CE90D16","expansion_state":0,"options":{"engine":"r","label":"unnamed-chunk-793"},"row":173,"row_count":1,"visible":true},{"chunk_id":"c28jy9taklhqw","chunk_label":"unnamed-chunk-40","document_id":"3CE90D16","expansion_state":0,"options":{"engine":"r","label":"unnamed-chunk-794"},"row":177,"row_count":1,"visible":true},{"chunk_id":"csfpgzhd0cypi","chunk_label":"unnamed-chunk-41","document_id":"3CE90D16","expansion_state":0,"options":{"engine":"r","label":"unnamed-chunk-795"},"row":181,"row_count":1,"visible":true},{"chunk_id":"c37y7gpe5gbcx","chunk_label":"unnamed-chunk-42","document_id":"3CE90D16","expansion_state":0,"options":{"engine":"r","label":"unnamed-chunk-796"},"row":185,"row_count":1,"visible":true},{"chunk_id":"cvw0t2uxqdb8p","chunk_label":"unnamed-chunk-43","document_id":"3CE90D16","expansion_state":0,"options":{"engine":"r","label":"unnamed-chunk-797"},"row":190,"row_count":1,"visible":true},{"chunk_id":"cxukhybappok6","chunk_label":"unnamed-chunk-44","document_id":"3CE90D16","expansion_state":0,"options":{"engine":"r","label":"unnamed-chunk-798"},"row":194,"row_count":1,"visible":true},{"chunk_id":"c4896wces0aub","chunk_label":"unnamed-chunk-45","document_id":"3CE90D16","expansion_state":0,"options":{"engine":"r","label":"unnamed-chunk-799"},"row":198,"row_count":1,"visible":true},{"chunk_id":"cnz64o8z19jpq","chunk_label":"unnamed-chunk-46","document_id":"3CE90D16","expansion_state":0,"options":{"engine":"r","label":"unnamed-chunk-800"},"row":202,"row_count":1,"visible":true},{"chunk_id":"cpabbe00ee0bt","chunk_label":"unnamed-chunk-47","document_id":"3CE90D16","expansion_state":0,"options":{"engine":"r","label":"unnamed-chunk-801"},"row":206,"row_count":1,"visible":true},{"chunk_id":"ca96xg18zze0x","chunk_label":"unnamed-chunk-48","document_id":"3CE90D16","expansion_state":0,"options":{"engine":"r","label":"unnamed-chunk-802"},"row":210,"row_count":1,"visible":true},{"chunk_id":"c4so2542oqcp2","chunk_label":"unnamed-chunk-49","document_id":"3CE90D16","expansion_state":0,"options":{"engine":"r","label":"unnamed-chunk-803"},"row":214,"row_count":1,"visible":true},{"chunk_id":"c87wp8qj8nan0","chunk_label":"unnamed-chunk-50","document_id":"3CE90D16","expansion_state":0,"options":{"engine":"r","label":"unnamed-chunk-804"},"row":218,"row_count":1,"visible":true},{"chunk_id":"chx29x3s98uvu","chunk_label":"unnamed-chunk-51","document_id":"3CE90D16","expansion_state":0,"options":{"engine":"r","label":"unnamed-chunk-853"},"row":222,"row_count":1,"visible":true},{"chunk_id":"cuk7swb3zy2vo","chunk_label":"unnamed-chunk-52","document_id":"3CE90D16","expansion_state":0,"options":{"engine":"r","label":"unnamed-chunk-856"},"row":226,"row_count":1,"visible":true},{"chunk_id":"ctio2zrjgobs0","chunk_label":"unnamed-chunk-53","document_id":"3CE90D16","expansion_state":0,"options":{"engine":"r","label":"unnamed-chunk-862"},"row":230,"row_count":1,"visible":true},{"chunk_id":"cqzetw0ok8zk0","chunk_label":"unnamed-chunk-54","document_id":"3CE90D16","expansion_state":0,"options":{"engine":"r","label":"unnamed-chunk-870"},"row":249,"row_count":1,"visible":true},{"chunk_id":"cnk1ry8pl95aq","chunk_label":"unnamed-chunk-55","document_id":"3CE90D16","expansion_state":0,"options":{"engine":"r","label":"unnamed-chunk-874"},"row":253,"row_count":1,"visible":true},{"chunk_id":"cd2x8yqr08tyy","chunk_label":"unnamed-chunk-56","document_id":"3CE90D16","expansion_state":0,"options":{"engine":"r","label":"unnamed-chunk-875"},"row":257,"row_count":1,"visible":true}],"chunk_rendered_width":700,"doc_write_time":1584991402}