{"chunk_definitions":[{"chunk_id":"cjjfcdu0my2t4","chunk_label":"unnamed-chunk-1","document_id":"9220116D","expansion_state":0,"options":{"engine":"r","label":"unnamed-chunk-177"},"row":10,"row_count":1,"visible":true},{"chunk_id":"cfregnmnss3i2","chunk_label":"unnamed-chunk-2","document_id":"9220116D","expansion_state":0,"options":{"engine":"r","label":"unnamed-chunk-178"},"row":14,"row_count":1,"visible":true},{"chunk_id":"cr54bpjf94nq6","chunk_label":"unnamed-chunk-3","document_id":"9220116D","expansion_state":0,"options":{"engine":"r","label":"unnamed-chunk-179"},"row":18,"row_count":1,"visible":true},{"chunk_id":"cdpklijfj0lpn","chunk_label":"unnamed-chunk-4","document_id":"9220116D","expansion_state":0,"options":{"engine":"r","label":"unnamed-chunk-180"},"row":22,"row_count":1,"visible":true},{"chunk_id":"cdlxur3x9obu6","chunk_label":"unnamed-chunk-5","document_id":"9220116D","expansion_state":0,"options":{"engine":"r","label":"unnamed-chunk-181"},"row":26,"row_count":1,"visible":true},{"chunk_id":"c5t3l9xlcoqzv","chunk_label":"unnamed-chunk-6","document_id":"9220116D","expansion_state":0,"options":{"engine":"r","label":"unnamed-chunk-182"},"row":30,"row_count":1,"visible":true},{"chunk_id":"cp4lumvzibdws","chunk_label":"unnamed-chunk-7","document_id":"9220116D","expansion_state":0,"options":{"engine":"r","label":"unnamed-chunk-183"},"row":35,"row_count":1,"visible":true},{"chunk_id":"c3vlzpp3lslag","chunk_label":"unnamed-chunk-8","document_id":"9220116D","expansion_state":0,"options":{"engine":"r","label":"unnamed-chunk-184"},"row":39,"row_count":1,"visible":true},{"chunk_id":"cf6z6b5nxamqa","chunk_label":"unnamed-chunk-9","document_id":"9220116D","expansion_state":0,"options":{"engine":"r","label":"unnamed-chunk-185"},"row":43,"row_count":1,"visible":true},{"chunk_id":"cua9eeug8ormz","chunk_label":"unnamed-chunk-10","document_id":"9220116D","expansion_state":0,"options":{"engine":"r","label":"unnamed-chunk-186"},"row":47,"row_count":1,"visible":true},{"chunk_id":"cg8p5kvta5vk6","chunk_label":"unnamed-chunk-11","document_id":"9220116D","expansion_state":0,"options":{"engine":"r","label":"unnamed-chunk-187"},"row":51,"row_count":1,"visible":true},{"chunk_id":"c3gxl148adnp6","chunk_label":"unnamed-chunk-12","document_id":"9220116D","expansion_state":0,"options":{"engine":"r","label":"unnamed-chunk-188"},"row":55,"row_count":1,"visible":true},{"chunk_id":"cqjwfzoge3b1n","chunk_label":"unnamed-chunk-13","document_id":"9220116D","expansion_state":0,"options":{"engine":"r","label":"unnamed-chunk-189"},"row":59,"row_count":1,"visible":true},{"chunk_id":"clpw8jn1xcnb2","chunk_label":"unnamed-chunk-14","document_id":"9220116D","expansion_state":0,"options":{"engine":"r","label":"unnamed-chunk-190"},"row":63,"row_count":1,"visible":true},{"chunk_id":"c6ufbmkj51mat","chunk_label":"unnamed-chunk-15","document_id":"9220116D","expansion_state":0,"options":{"engine":"r","label":"unnamed-chunk-191"},"row":67,"row_count":1,"visible":true},{"chunk_id":"ciynyh7dgvcdn","chunk_label":"unnamed-chunk-16","document_id":"9220116D","expansion_state":0,"options":{"engine":"r","label":"unnamed-chunk-192"},"row":71,"row_count":1,"visible":true},{"chunk_id":"cubf9ni0x6zsv","chunk_label":"unnamed-chunk-17","document_id":"9220116D","expansion_state":0,"options":{"engine":"r","label":"unnamed-chunk-193"},"row":75,"row_count":1,"visible":true},{"chunk_id":"cb7o9xs0b94x3","chunk_label":"unnamed-chunk-18","document_id":"9220116D","expansion_state":0,"options":{"engine":"r","label":"unnamed-chunk-194"},"row":79,"row_count":1,"visible":true},{"chunk_id":"coqils2zcm429","chunk_label":"unnamed-chunk-19","document_id":"9220116D","expansion_state":0,"options":{"engine":"r","label":"unnamed-chunk-195"},"row":83,"row_count":1,"visible":true},{"chunk_id":"cmd6bhzrtmfhp","chunk_label":"unnamed-chunk-20","document_id":"9220116D","expansion_state":0,"options":{"engine":"r","label":"unnamed-chunk-196"},"row":87,"row_count":1,"visible":true},{"chunk_id":"cjwwk02or4soe","chunk_label":"unnamed-chunk-21","document_id":"9220116D","expansion_state":0,"options":{"engine":"r","label":"unnamed-chunk-197"},"row":91,"row_count":1,"visible":true},{"chunk_id":"cyiogqhgldkf4","chunk_label":"unnamed-chunk-22","document_id":"9220116D","expansion_state":0,"options":{"engine":"r","label":"unnamed-chunk-198"},"row":95,"row_count":1,"visible":true},{"chunk_id":"c3yvty4w8dai1","chunk_label":"unnamed-chunk-23","document_id":"9220116D","expansion_state":0,"options":{"engine":"r","label":"unnamed-chunk-199"},"row":99,"row_count":1,"visible":true},{"chunk_id":"ccpf75lje531d","chunk_label":"unnamed-chunk-24","document_id":"9220116D","expansion_state":0,"options":{"engine":"r","label":"unnamed-chunk-200"},"row":103,"row_count":1,"visible":true},{"chunk_id":"c5tfdx197anbo","chunk_label":"unnamed-chunk-25","document_id":"9220116D","expansion_state":0,"options":{"engine":"r","label":"unnamed-chunk-201"},"row":107,"row_count":1,"visible":true},{"chunk_id":"cnsszi6oc4l4b","chunk_label":"unnamed-chunk-26","document_id":"9220116D","expansion_state":0,"options":{"engine":"r","label":"unnamed-chunk-202"},"row":111,"row_count":1,"visible":true},{"chunk_id":"c2s8dzm8paxi1","chunk_label":"unnamed-chunk-27","document_id":"9220116D","expansion_state":0,"options":{"engine":"r","label":"unnamed-chunk-203"},"row":115,"row_count":1,"visible":true},{"chunk_id":"c3h2w29xx7tet","chunk_label":"unnamed-chunk-28","document_id":"9220116D","expansion_state":0,"options":{"engine":"r","label":"unnamed-chunk-204"},"row":119,"row_count":1,"visible":true},{"chunk_id":"c0yw0p12xzj5s","chunk_label":"unnamed-chunk-29","document_id":"9220116D","expansion_state":0,"options":{"engine":"r","label":"unnamed-chunk-205"},"row":123,"row_count":1,"visible":true},{"chunk_id":"cfv3tod1it3b8","chunk_label":"unnamed-chunk-30","document_id":"9220116D","expansion_state":0,"options":{"engine":"r","label":"unnamed-chunk-206"},"row":127,"row_count":1,"visible":true},{"chunk_id":"cxu5bzi8jypo4","chunk_label":"unnamed-chunk-31","document_id":"9220116D","expansion_state":0,"options":{"engine":"r","label":"unnamed-chunk-208"},"row":131,"row_count":1,"visible":true},{"chunk_id":"c66c676ccrogv","chunk_label":"unnamed-chunk-32","document_id":"9220116D","expansion_state":0,"options":{"engine":"r","label":"unnamed-chunk-209"},"row":135,"row_count":1,"visible":true},{"chunk_id":"ciivek4k46ms5","chunk_label":"unnamed-chunk-33","document_id":"9220116D","expansion_state":0,"options":{"engine":"r","label":"unnamed-chunk-210"},"row":143,"row_count":1,"visible":true},{"chunk_id":"cxbffaje79yee","chunk_label":"unnamed-chunk-34","document_id":"9220116D","expansion_state":0,"options":{"engine":"r","label":"unnamed-chunk-211"},"row":148,"row_count":1,"visible":true},{"chunk_id":"c5a22b8y1uwyk","chunk_label":"unnamed-chunk-35","document_id":"9220116D","expansion_state":0,"options":{"engine":"r","label":"unnamed-chunk-212"},"row":152,"row_count":1,"visible":true},{"chunk_id":"cl4ae1m00y50y","chunk_label":"unnamed-chunk-36","document_id":"9220116D","expansion_state":0,"options":{"engine":"r","label":"unnamed-chunk-213"},"row":156,"row_count":1,"visible":true},{"chunk_id":"cacoqafg2kooa","chunk_label":"unnamed-chunk-37","document_id":"9220116D","expansion_state":0,"options":{"engine":"r","label":"unnamed-chunk-214"},"row":160,"row_count":1,"visible":true},{"chunk_id":"crjuuvj5xjcc9","chunk_label":"unnamed-chunk-38","document_id":"9220116D","expansion_state":0,"options":{"engine":"r","label":"unnamed-chunk-215"},"row":164,"row_count":1,"visible":true},{"chunk_id":"cj0pf59ia8tee","chunk_label":"unnamed-chunk-39","document_id":"9220116D","expansion_state":0,"options":{"engine":"r","label":"unnamed-chunk-216"},"row":168,"row_count":1,"visible":true},{"chunk_id":"cu2nacwn85dmr","chunk_label":"unnamed-chunk-40","document_id":"9220116D","expansion_state":0,"options":{"engine":"r","label":"unnamed-chunk-217"},"row":172,"row_count":1,"visible":true},{"chunk_id":"crzytugdiisgu","chunk_label":"unnamed-chunk-41","document_id":"9220116D","expansion_state":0,"options":{"engine":"r","label":"unnamed-chunk-218"},"row":176,"row_count":1,"visible":true},{"chunk_id":"cdwlfmbc5yxka","chunk_label":"unnamed-chunk-42","document_id":"9220116D","expansion_state":0,"options":{"engine":"r","label":"unnamed-chunk-219"},"row":180,"row_count":1,"visible":true},{"chunk_id":"chm29rv38oozy","chunk_label":"unnamed-chunk-43","document_id":"9220116D","expansion_state":0,"options":{"engine":"r","label":"unnamed-chunk-220"},"row":184,"row_count":1,"visible":true},{"chunk_id":"c0j229yf9dg87","chunk_label":"unnamed-chunk-44","document_id":"9220116D","expansion_state":0,"options":{"engine":"r","label":"unnamed-chunk-221"},"row":189,"row_count":1,"visible":true},{"chunk_id":"cmchl7nabkjjh","chunk_label":"unnamed-chunk-45","document_id":"9220116D","expansion_state":0,"options":{"engine":"r","label":"unnamed-chunk-222"},"row":194,"row_count":1,"visible":true},{"chunk_id":"cizcvxqu0xm36","chunk_label":"unnamed-chunk-46","document_id":"9220116D","expansion_state":0,"options":{"engine":"r","label":"unnamed-chunk-223"},"row":198,"row_count":1,"visible":true},{"chunk_id":"cvdqyrx8q6kff","chunk_label":"unnamed-chunk-47","document_id":"9220116D","expansion_state":0,"options":{"engine":"r","label":"unnamed-chunk-224"},"row":202,"row_count":1,"visible":true},{"chunk_id":"c31z9ujs6qmv6","chunk_label":"unnamed-chunk-48","document_id":"9220116D","expansion_state":0,"options":{"engine":"r","label":"unnamed-chunk-225"},"row":206,"row_count":1,"visible":true},{"chunk_id":"co7pqz0lds8oo","chunk_label":"unnamed-chunk-49","document_id":"9220116D","expansion_state":0,"options":{"engine":"r","label":"unnamed-chunk-226"},"row":210,"row_count":1,"visible":true},{"chunk_id":"cv657w5xzpuf4","chunk_label":"unnamed-chunk-50","document_id":"9220116D","expansion_state":0,"options":{"engine":"r","label":"unnamed-chunk-227"},"row":214,"row_count":1,"visible":true},{"chunk_id":"c25ood53k94xv","chunk_label":"unnamed-chunk-51","document_id":"9220116D","expansion_state":0,"options":{"engine":"r","label":"unnamed-chunk-228"},"row":218,"row_count":1,"visible":true},{"chunk_id":"c4rh6t77hzmzz","chunk_label":"unnamed-chunk-52","document_id":"9220116D","expansion_state":0,"options":{"engine":"r","label":"unnamed-chunk-229"},"row":222,"row_count":1,"visible":true},{"chunk_id":"c7mmwd3rwlodk","chunk_label":"unnamed-chunk-53","document_id":"9220116D","expansion_state":0,"options":{"engine":"r","label":"unnamed-chunk-230"},"row":226,"row_count":1,"visible":true},{"chunk_id":"cienp4qwger07","chunk_label":"unnamed-chunk-54","document_id":"9220116D","expansion_state":0,"options":{"engine":"r","label":"unnamed-chunk-231"},"row":230,"row_count":1,"visible":true},{"chunk_id":"cid2cmwj53jzq","chunk_label":"unnamed-chunk-55","document_id":"9220116D","expansion_state":0,"options":{"engine":"r","label":"unnamed-chunk-232"},"row":234,"row_count":1,"visible":true},{"chunk_id":"c29efjo43lon6","chunk_label":"unnamed-chunk-56","document_id":"9220116D","expansion_state":0,"options":{"engine":"r","label":"unnamed-chunk-233"},"row":238,"row_count":1,"visible":true},{"chunk_id":"cp8m3pc60b6lo","chunk_label":"unnamed-chunk-57","document_id":"9220116D","expansion_state":0,"options":{"engine":"r","label":"unnamed-chunk-234"},"row":242,"row_count":1,"visible":true},{"chunk_id":"czm29o4e3x1ov","chunk_label":"unnamed-chunk-58","document_id":"9220116D","expansion_state":0,"options":{"engine":"r","label":"unnamed-chunk-235"},"row":246,"row_count":1,"visible":true},{"chunk_id":"ci1s5ell7dvoc","chunk_label":"unnamed-chunk-59","document_id":"9220116D","expansion_state":0,"options":{"engine":"r","label":"unnamed-chunk-236"},"row":265,"row_count":1,"visible":true},{"chunk_id":"cyw2pwa5c9yic","chunk_label":"unnamed-chunk-60","document_id":"9220116D","expansion_state":0,"options":{"engine":"r","label":"unnamed-chunk-237"},"row":269,"row_count":1,"visible":true},{"chunk_id":"ce99pp9p6rsqn","chunk_label":"unnamed-chunk-61","document_id":"9220116D","expansion_state":0,"options":{"engine":"r","label":"unnamed-chunk-238"},"row":275,"row_count":1,"visible":true},{"chunk_id":"cqgrbj22upiwk","chunk_label":"unnamed-chunk-62","document_id":"9220116D","expansion_state":0,"options":{"engine":"r","label":"unnamed-chunk-239"},"row":282,"row_count":1,"visible":true},{"chunk_id":"ckpsju6048qkd","chunk_label":"unnamed-chunk-63","document_id":"9220116D","expansion_state":0,"options":{"engine":"r","label":"unnamed-chunk-240"},"row":286,"row_count":1,"visible":true},{"chunk_id":"c73hi3o2j8t6i","chunk_label":"unnamed-chunk-64","document_id":"9220116D","expansion_state":0,"options":{"engine":"r","label":"unnamed-chunk-242"},"row":290,"row_count":1,"visible":true},{"chunk_id":"clgq9yx92079h","chunk_label":"unnamed-chunk-65","document_id":"9220116D","expansion_state":0,"options":{"engine":"r","label":"unnamed-chunk-241"},"row":295,"row_count":1,"visible":true}],"doc_write_time":1585059890}